1.A.1.a,CO2,01_KOR,324160.3588
1.A.1.bc,CO2,01_KOR,46727.37241
1.A.2,CO2,01_KOR,71069.32382
1.A.3.a,CO2,01_KOR,3306.462067
1.A.3.b_noRES,CO2,01_KOR,101190.5285
1.A.3.c,CO2,01_KOR,281.1457672
1.A.3.d,CO2,01_KOR,1212.479703
1.A.3.e,CO2,01_KOR,4.19799816
1.A.4,CO2,01_KOR,50253.59482
1.A.5,CO2,01_KOR,3607.142084
1.B.1,CO2,01_KOR,1692.572578
1.B.2,CO2,01_KOR,1425.348734
2.A.1,CO2,01_KOR,18903.54202
2.A.2,CO2,01_KOR,3900
2.A.3,CO2,01_KOR,2.54620531
2.A.4,CO2,01_KOR,423.3123168
2.B,CO2,01_KOR,17112.87048
2.C,CO2,01_KOR,7090.945131
2.D,CO2,01_KOR,867.9650912
3.C.2,CO2,01_KOR,44.41904762
3.C.3,CO2,01_KOR,109.2142659
4.C,CO2,01_KOR,1604.744598
1.A.1.a,CO2,02_CHN,5268367.989
1.A.1.bc,CO2,02_CHN,347640.7369
1.A.2,CO2,02_CHN,2763580.515
1.A.3.a,CO2,02_CHN,81646.50279
1.A.3.b_noRES,CO2,02_CHN,779100.0429
1.A.3.c,CO2,02_CHN,8456.157131
1.A.3.d,CO2,02_CHN,76740.28156
1.A.3.e,CO2,02_CHN,6617.401099
1.A.4,CO2,02_CHN,563535.6659
1.A.5,CO2,02_CHN,62496.3372
1.B.1,CO2,02_CHN,328367.9997
1.B.2,CO2,02_CHN,9500.747151
2.A.1,CO2,02_CHN,789277.1877
2.A.2,CO2,02_CHN,232500
2.A.3,CO2,02_CHN,1394.139605
2.A.4,CO2,02_CHN,34588.97089
2.B,CO2,02_CHN,200272.6239
2.C,CO2,02_CHN,231379.8928
2.D,CO2,02_CHN,22244.46961
3.C.2,CO2,02_CHN,3787.142857
3.C.3,CO2,02_CHN,13344.72615
4.C,CO2,02_CHN,3346.869079
5.B,CO2,02_CHN,28380
1.A.1.a,CO2,03_JPN,494369.7243
1.A.1.bc,CO2,03_JPN,38469.47937
1.A.2,CO2,03_JPN,185293.8747
1.A.3.a,CO2,03_JPN,10553.24321
1.A.3.b_noRES,CO2,03_JPN,179810.3501
1.A.3.c,CO2,03_JPN,497.748786
1.A.3.d,CO2,03_JPN,9945.811423
1.A.4,CO2,03_JPN,122304.2808
1.A.5,CO2,03_JPN,2550.337004
1.B.1,CO2,03_JPN,11395.10576
1.B.2,CO2,03_JPN,737.7922119
2.A.1,CO2,03_JPN,25632.36
2.A.2,CO2,03_JPN,5490.75
2.A.3,CO2,03_JPN,443.9151157
2.A.4,CO2,03_JPN,1102.13468
2.B,CO2,03_JPN,14165.6179
2.C,CO2,03_JPN,13479.54827
2.D,CO2,03_JPN,3178.530531
3.C.2,CO2,03_JPN,453.5142858
3.C.3,CO2,03_JPN,164.5285415
4.C,CO2,03_JPN,3774.318789
1.A.1.a,CO2,04_RUS,787997.575
1.A.1.bc,CO2,04_RUS,35457.57817
1.A.2,CO2,04_RUS,275255.3968
1.A.3.a,CO2,04_RUS,17527.73
1.A.3.b_noRES,CO2,04_RUS,153124.678
1.A.3.c,CO2,04_RUS,12285.92226
1.A.3.d,CO2,04_RUS,1924.344066
1.A.3.e,CO2,04_RUS,77621.59503
1.A.4,CO2,04_RUS,224753.09
1.A.5,CO2,04_RUS,5605.977604
1.B.1,CO2,04_RUS,46402.25269
1.B.2,CO2,04_RUS,101461.0169
2.A.1,CO2,04_RUS,19992.12812
2.A.2,CO2,04_RUS,8682.75
2.A.3,CO2,04_RUS,1781.875341
2.A.4,CO2,04_RUS,5233.784215
2.B,CO2,04_RUS,49985.559
2.C,CO2,04_RUS,17492.28251
2.D,CO2,04_RUS,9421.547868
3.C.2,CO2,04_RUS,5551.961905
3.C.3,CO2,04_RUS,442.9856337
1.A.1.a,CO2,05_MNG,13618.87083
1.A.1.bc,CO2,05_MNG,13.23786
1.A.2,CO2,05_MNG,2492.793506
1.A.3.a,CO2,05_MNG,10.82653
1.A.3.b_noRES,CO2,05_MNG,1854.486906
1.A.3.c,CO2,05_MNG,848.940112
1.A.3.e,CO2,05_MNG,10.322752
1.A.4,CO2,05_MNG,1469.692467
1.A.5,CO2,05_MNG,2340.447348
1.B.1,CO2,05_MNG,422.055991
1.B.2,CO2,05_MNG,1776.865976
2.A.1,CO2,05_MNG,409.9158514
2.A.2,CO2,05_MNG,45
2.A.3,CO2,05_MNG,0.153900903
2.A.4,CO2,05_MNG,0.240949
2.D,CO2,05_MNG,20.80863939
4.C,CO2,05_MNG,0.869438106
1.A.1.a,CO2,06_PRK,15874.37812
1.A.1.bc,CO2,06_PRK,43.5761226
1.A.2,CO2,06_PRK,36210.78198
1.A.3.b_noRES,CO2,06_PRK,1076.0116
1.A.3.e,CO2,06_PRK,4322.427121
1.A.4,CO2,06_PRK,8749.832191
1.A.5,CO2,06_PRK,4091.014104
1.B.1,CO2,06_PRK,268.4510424
1.B.2,CO2,06_PRK,0.000726945
2.A.1,CO2,06_PRK,2288.221113
2.A.3,CO2,06_PRK,1.273306116
2.B,CO2,06_PRK,135
2.C,CO2,06_PRK,125.5087069
2.D,CO2,06_PRK,96.81631562
3.C.2,CO2,06_PRK,17.39047619
3.C.3,CO2,06_PRK,99.62855331
4.C,CO2,06_PRK,10.81549366
1.A.1.a,CO2,07_NAM,1794454.301
1.A.1.bc,CO2,07_NAM,380467.6734
1.A.2,CO2,07_NAM,508768.804
1.A.3.a,CO2,07_NAM,188961.259
1.A.3.b_noRES,CO2,07_NAM,1608353.401
1.A.3.c,CO2,07_NAM,48697.02689
1.A.3.d,CO2,07_NAM,29909.96441
1.A.3.e,CO2,07_NAM,61046.99482
1.A.4,CO2,07_NAM,686672.8281
1.A.5,CO2,07_NAM,2759.570263
1.B.1,CO2,07_NAM,19293.79046
1.B.2,CO2,07_NAM,54707.01883
2.A.1,CO2,07_NAM,49787.69406
2.A.2,CO2,07_NAM,14156.25
2.A.3,CO2,07_NAM,1889.736777
2.A.4,CO2,07_NAM,12548.81014
2.B,CO2,07_NAM,84224.99481
2.C,CO2,07_NAM,16309.67837
2.D,CO2,07_NAM,10948.88727
3.C.2,CO2,07_NAM,3844.604762
3.C.3,CO2,07_NAM,6988.613015
4.C,CO2,07_NAM,127.3582549
5.B,CO2,07_NAM,4730
1.A.1.a,CO2,08_LAM,411321.882
1.A.1.bc,CO2,08_LAM,127260.9483
1.A.2,CO2,08_LAM,239038.8582
1.A.3.a,CO2,08_LAM,16566.14948
1.A.3.b_noRES,CO2,08_LAM,561675.9912
1.A.3.c,CO2,08_LAM,5174.16785
1.A.3.d,CO2,08_LAM,9797.433113
1.A.3.e,CO2,08_LAM,7161.069832
1.A.4,CO2,08_LAM,144549.6204
1.A.5,CO2,08_LAM,7326.520315
1.B.1,CO2,08_LAM,6994.042683
1.B.2,CO2,08_LAM,55728.91445
2.A.1,CO2,08_LAM,64618.77295
2.A.2,CO2,08_LAM,9000
2.A.3,CO2,08_LAM,32.37420741
2.A.4,CO2,08_LAM,27958.82292
2.B,CO2,08_LAM,30142.17803
2.C,CO2,08_LAM,11808.68672
2.D,CO2,08_LAM,6322.848487
3.C.2,CO2,08_LAM,10153.62857
3.C.3,CO2,08_LAM,8009.255686
4.C,CO2,08_LAM,873.3713232
1.A.1.a,CO2,09_WEU,795020.909
1.A.1.bc,CO2,09_WEU,170922.193
1.A.2,CO2,09_WEU,390362.344
1.A.3.a,CO2,09_WEU,26335.83532
1.A.3.b_noRES,CO2,09_WEU,831752.6502
1.A.3.c,CO2,09_WEU,4535.853917
1.A.3.d,CO2,09_WEU,20916.73618
1.A.3.e,CO2,09_WEU,4023.128671
1.A.4,CO2,09_WEU,554891.1904
1.A.5,CO2,09_WEU,14961.88337
1.B.1,CO2,09_WEU,12726.87016
1.B.2,CO2,09_WEU,11513.89338
2.A.1,CO2,09_WEU,91316.9282
2.A.2,CO2,09_WEU,20382
2.A.3,CO2,09_WEU,4339.300195
2.A.4,CO2,09_WEU,9013.560361
2.B,CO2,09_WEU,58538.25761
2.C,CO2,09_WEU,26542.93458
2.D,CO2,09_WEU,10718.65239
3.C.2,CO2,09_WEU,6710.000002
3.C.3,CO2,09_WEU,3633.927911
4.C,CO2,09_WEU,2463.04323
1.A.1.a,CO2,10_EEU,321137.4576
1.A.1.bc,CO2,10_EEU,27410.57518
1.A.2,CO2,10_EEU,89697.29926
1.A.3.a,CO2,10_EEU,503.490069
1.A.3.b_noRES,CO2,10_EEU,170532.762
1.A.3.c,CO2,10_EEU,1546.282229
1.A.3.d,CO2,10_EEU,500.1234528
1.A.3.e,CO2,10_EEU,1816.119243
1.A.4,CO2,10_EEU,97457.50623
1.A.5,CO2,10_EEU,1282.412874
1.B.1,CO2,10_EEU,12216.80401
1.B.2,CO2,10_EEU,3223.09884
2.A.1,CO2,10_EEU,22730.32282
2.A.2,CO2,10_EEU,6984
2.A.3,CO2,10_EEU,761.9819856
2.A.4,CO2,10_EEU,6138.551239
2.B,CO2,10_EEU,16992.44048
2.C,CO2,10_EEU,4833.126509
2.D,CO2,10_EEU,2320.066155
3.C.2,CO2,10_EEU,4108.866667
3.C.3,CO2,10_EEU,1236.871204
4.C,CO2,10_EEU,380.7560283
1.A.1.a,CO2,11_RFSU,295497.6847
1.A.1.bc,CO2,11_RFSU,30650.69834
1.A.2,CO2,11_RFSU,89992.19241
1.A.3.a,CO2,11_RFSU,2093.620139
1.A.3.b_noRES,CO2,11_RFSU,86202.68134
1.A.3.c,CO2,11_RFSU,1093.562123
1.A.3.d,CO2,11_RFSU,518.9185505
1.A.3.e,CO2,11_RFSU,9836.187931
1.A.4,CO2,11_RFSU,135063.5411
1.A.5,CO2,11_RFSU,14121.76182
1.B.1,CO2,11_RFSU,9398.120353
1.B.2,CO2,11_RFSU,21212.88674
2.A.1,CO2,11_RFSU,21777.12167
2.A.2,CO2,11_RFSU,2988
2.A.3,CO2,11_RFSU,331.9621616
2.A.4,CO2,11_RFSU,7380.274309
2.B,CO2,11_RFSU,12148.31794
2.C,CO2,11_RFSU,10524.23297
2.D,CO2,11_RFSU,1632.072721
3.C.2,CO2,11_RFSU,5646.142857
3.C.3,CO2,11_RFSU,1609.613993
4.C,CO2,11_RFSU,326.7472125
1.A.1.a,CO2,12_MEA,909934.3143
1.A.1.bc,CO2,12_MEA,183736.2245
1.A.2,CO2,12_MEA,405409.6205
1.A.3.a,CO2,12_MEA,8750.926374
1.A.3.b_noRES,CO2,12_MEA,578770.0622
1.A.3.c,CO2,12_MEA,533.1925559
1.A.3.d,CO2,12_MEA,936.4614925
1.A.3.e,CO2,12_MEA,2723.376176
1.A.4,CO2,12_MEA,263523.9041
1.A.5,CO2,12_MEA,10419.20024
1.B.1,CO2,12_MEA,530.4567199
1.B.2,CO2,12_MEA,140529.2634
2.A.1,CO2,12_MEA,121292.8753
2.A.2,CO2,12_MEA,4543.5
2.A.3,CO2,12_MEA,24.92416292
2.A.4,CO2,12_MEA,887.0246006
2.B,CO2,12_MEA,127829.5426
2.C,CO2,12_MEA,13537.61935
2.D,CO2,12_MEA,3729.474811
3.C.2,CO2,12_MEA,2658.228571
3.C.3,CO2,12_MEA,3625.756484
4.C,CO2,12_MEA,3.230955965
1.A.1.a,CO2,13_AFR,324118.2812
1.A.1.bc,CO2,13_AFR,73655.93575
1.A.2,CO2,13_AFR,93151.66734
1.A.3.a,CO2,13_AFR,2745.625284
1.A.3.b_noRES,CO2,13_AFR,206032.7962
1.A.3.c,CO2,13_AFR,2389.364881
1.A.3.d,CO2,13_AFR,3067.945039
1.A.3.e,CO2,13_AFR,438.785857
1.A.4,CO2,13_AFR,44790.38965
1.A.5,CO2,13_AFR,5737.252072
1.B.1,CO2,13_AFR,19289.55037
1.B.2,CO2,13_AFR,33374.25483
2.A.1,CO2,13_AFR,41679.30795
2.A.2,CO2,13_AFR,1844.25
2.A.3,CO2,13_AFR,50.23520342
2.A.4,CO2,13_AFR,544.9523746
2.B,CO2,13_AFR,5802.900897
2.C,CO2,13_AFR,8824.46767
2.D,CO2,13_AFR,4001.151815
3.C.2,CO2,13_AFR,1054.638096
3.C.3,CO2,13_AFR,1830.242524
4.C,CO2,13_AFR,12.80448853
1.A.1.a,CO2,14_RCPA,172380.3408
1.A.2,CO2,14_RCPA,72908.91826
1.A.3.a,CO2,14_RCPA,3004.381101
1.A.3.b_noRES,CO2,14_RCPA,44953.82919
1.A.3.c,CO2,14_RCPA,855.0056213
1.A.3.d,CO2,14_RCPA,3448.295348
1.A.4,CO2,14_RCPA,16075.80065
1.A.5,CO2,14_RCPA,255.8406536
1.B.1,CO2,14_RCPA,486.4653966
1.B.2,CO2,14_RCPA,1507.134338
2.A.1,CO2,14_RCPA,48273.70187
2.A.2,CO2,14_RCPA,502.5
2.A.3,CO2,14_RCPA,5.950245542
2.A.4,CO2,14_RCPA,264.9913521
2.B,CO2,14_RCPA,2166.753681
2.C,CO2,14_RCPA,1118.016
2.D,CO2,14_RCPA,502.4575485
3.C.2,CO2,14_RCPA,1537.904762
3.C.3,CO2,14_RCPA,1289.199766
4.C,CO2,14_RCPA,72.19937968
1.A.1.a,CO2,15_SAS,1293620.669
1.A.1.bc,CO2,15_SAS,65670.43384
1.A.2,CO2,15_SAS,627607.1063
1.A.3.a,CO2,15_SAS,14170.33497
1.A.3.b_noRES,CO2,15_SAS,351537.8018
1.A.3.c,CO2,15_SAS,10220.76605
1.A.3.d,CO2,15_SAS,7135.019953
1.A.3.e,CO2,15_SAS,1558.201841
1.A.4,CO2,15_SAS,197473.8419
1.A.5,CO2,15_SAS,25247.70133
1.B.1,CO2,15_SAS,20180.75406
1.B.2,CO2,15_SAS,7777.067723
2.A.1,CO2,15_SAS,147604.8467
2.A.2,CO2,15_SAS,12000
2.A.3,CO2,15_SAS,89.9350239
2.A.4,CO2,15_SAS,2685.451915
2.B,CO2,15_SAS,47143.3109
2.C,CO2,15_SAS,23074.82573
2.D,CO2,15_SAS,6323.952396
3.C.2,CO2,15_SAS,6215.733334
3.C.3,CO2,15_SAS,30977.25152
4.C,CO2,15_SAS,3.459558659
5.B,CO2,15_SAS,14190
1.A.1.a,CO2,16_RPAS,697345.9449
1.A.1.bc,CO2,16_RPAS,86018.09276
1.A.2,CO2,16_RPAS,309105.844
1.A.3.a,CO2,16_RPAS,16497.47031
1.A.3.b_noRES,CO2,16_RPAS,351338.2601
1.A.3.c,CO2,16_RPAS,2337.503722
1.A.3.d,CO2,16_RPAS,13290.09911
1.A.3.e,CO2,16_RPAS,432.6643529
1.A.4,CO2,16_RPAS,79315.16478
1.A.5,CO2,16_RPAS,2962.146191
1.B.1,CO2,16_RPAS,5020.977182
1.B.2,CO2,16_RPAS,14685.3857
2.A.1,CO2,16_RPAS,69865.38296
2.A.2,CO2,16_RPAS,2428.5
2.A.3,CO2,16_RPAS,28.35021557
2.A.4,CO2,16_RPAS,1069.303353
2.B,CO2,16_RPAS,57935.73325
2.C,CO2,16_RPAS,8216.099379
2.D,CO2,16_RPAS,4024.40603
3.C.2,CO2,16_RPAS,5100.542859
3.C.3,CO2,16_RPAS,6625.770224
4.C,CO2,16_RPAS,517.6158453
1.A.1.a,CO2,17_RPAO,193552.3551
1.A.1.bc,CO2,17_RPAO,32394.49765
1.A.2,CO2,17_RPAO,46342.04617
1.A.3.a,CO2,17_RPAO,9866.970477
1.A.3.b_noRES,CO2,17_RPAO,95011.84769
1.A.3.c,CO2,17_RPAO,3538.254187
1.A.3.d,CO2,17_RPAO,2461.745251
1.A.3.e,CO2,17_RPAO,1516.150041
1.A.4,CO2,17_RPAO,23180.24541
1.A.5,CO2,17_RPAO,9129.357964
1.B.1,CO2,17_RPAO,4192.915496
1.B.2,CO2,17_RPAO,3078.289554
2.A.1,CO2,17_RPAO,3333.843462
2.A.2,CO2,17_RPAO,1522.5
2.A.3,CO2,17_RPAO,102.8210082
2.A.4,CO2,17_RPAO,1617.327485
2.B,CO2,17_RPAO,5007.556617
2.C,CO2,17_RPAO,4485.199561
2.D,CO2,17_RPAO,1249.948246
3.C.2,CO2,17_RPAO,1474
3.C.3,CO2,17_RPAO,1829.928239
4.C,CO2,17_RPAO,76.87646406
5.B,CO2,17_RPAO,189.2
1.A.1.a,CH4,01_KOR,236.3938031
1.A.1.bc,CH4,01_KOR,14.52363461
1.A.2,CH4,01_KOR,179.121616
1.A.3.a,CH4,01_KOR,0.64741684
1.A.3.b_noRES,CH4,01_KOR,218.8261647
1.A.3.c,CH4,01_KOR,0.440886488
1.A.3.d,CH4,01_KOR,3.160673096
1.A.3.e,CH4,01_KOR,0.004737992
1.A.4,CH4,01_KOR,406.5699256
1.A.5,CH4,01_KOR,13.74249836
1.B.1,CH4,01_KOR,1111.791885
1.B.2,CH4,01_KOR,2305.696714
2.B,CH4,01_KOR,143.8307136
2.C,CH4,01_KOR,113.074164
3.A.1,CH4,01_KOR,10189.76485
3.A.2,CH4,01_KOR,2326.591364
3.C.1,CH4,01_KOR,2.986897844
3.C.7,CH4,01_KOR,8193.56281
4.A,CH4,01_KOR,5692.524186
4.B,CH4,01_KOR,268.3371969
4.C,CH4,01_KOR,65.51337853
4.D,CH4,01_KOR,9968.62335
4.E,CH4,01_KOR,241.9598403
1.A.1.a,CH4,02_CHN,2772.976233
1.A.1.bc,CH4,02_CHN,240.489118
1.A.2,CH4,02_CHN,4374.314299
1.A.3.a,CH4,02_CHN,15.98672782
1.A.3.b_noRES,CH4,02_CHN,5071.575146
1.A.3.c,CH4,02_CHN,13.26053252
1.A.3.d,CH4,02_CHN,199.5331093
1.A.3.e,CH4,02_CHN,6.814104332
1.A.4,CH4,02_CHN,40721.55116
1.A.5,CH4,02_CHN,5134.315798
1.B.1,CH4,02_CHN,548636.2966
1.B.2,CH4,02_CHN,24723.06112
2.B,CH4,02_CHN,3984.671113
2.C,CH4,02_CHN,2927.2712
3.A.1,CH4,02_CHN,195070.3992
3.A.2,CH4,02_CHN,30979.90262
3.C.1,CH4,02_CHN,10623.31892
3.C.7,CH4,02_CHN,228900.0548
4.A,CH4,02_CHN,151001.3333
4.B,CH4,02_CHN,258.8039415
4.C,CH4,02_CHN,2891.313142
4.D,CH4,02_CHN,147232.8053
4.E,CH4,02_CHN,9104.898656
5.B,CH4,02_CHN,2520
1.A.1.a,CH4,03_JPN,641.8405407
1.A.1.bc,CH4,03_JPN,16.04551032
1.A.2,CH4,03_JPN,348.2903663
1.A.3.a,CH4,03_JPN,2.066396752
1.A.3.b_noRES,CH4,03_JPN,510.1905989
1.A.3.c,CH4,03_JPN,0.777112364
1.A.3.d,CH4,03_JPN,25.53671702
1.A.4,CH4,03_JPN,968.203518
1.A.5,CH4,03_JPN,153.1334524
1.B.1,CH4,03_JPN,2025.203265
1.B.2,CH4,03_JPN,1622.519619
2.B,CH4,03_JPN,130.8916519
2.C,CH4,03_JPN,180.3724804
3.A.1,CH4,03_JPN,20763.60387
3.A.2,CH4,03_JPN,4940.099178
3.C.1,CH4,03_JPN,30.35307204
3.C.7,CH4,03_JPN,12818.62235
4.A,CH4,03_JPN,2024.58451
4.B,CH4,03_JPN,92.20302647
4.C,CH4,03_JPN,9.68106804
4.D,CH4,03_JPN,3517.19011
4.E,CH4,03_JPN,931.4935683
1.A.1.a,CH4,04_RUS,643.1038897
1.A.1.bc,CH4,04_RUS,50.8376344
1.A.2,CH4,04_RUS,458.9627633
1.A.3.a,CH4,04_RUS,3.432016
1.A.3.b_noRES,CH4,04_RUS,803.1847667
1.A.3.c,CH4,04_RUS,19.27590672
1.A.3.d,CH4,04_RUS,5.03246856
1.A.3.e,CH4,04_RUS,42.17752924
1.A.4,CH4,04_RUS,1930.365696
1.A.5,CH4,04_RUS,8.80296522
1.B.1,CH4,04_RUS,103666.5377
1.B.2,CH4,04_RUS,145297.5435
2.B,CH4,04_RUS,352.1113548
2.C,CH4,04_RUS,165.7480916
3.A.1,CH4,04_RUS,49952.52811
3.A.2,CH4,04_RUS,10699.52618
3.C.1,CH4,04_RUS,1199.876081
3.C.7,CH4,04_RUS,917.8339212
4.A,CH4,04_RUS,62097.75799
4.B,CH4,04_RUS,58.0320524
4.C,CH4,04_RUS,3.05140836
4.D,CH4,04_RUS,27834.70454
4.E,CH4,04_RUS,862.9993826
1.A.1.a,CH4,05_MNG,4.103792308
1.A.1.bc,CH4,05_MNG,0.0083482
1.A.2,CH4,05_MNG,4.127894008
1.A.3.a,CH4,05_MNG,0.00211988
1.A.3.b_noRES,CH4,05_MNG,8.807579368
1.A.3.c,CH4,05_MNG,1.233269044
1.A.3.e,CH4,05_MNG,0.0305536
1.A.4,CH4,05_MNG,114.358932
1.A.5,CH4,05_MNG,203.145936
1.B.1,CH4,05_MNG,18140.44738
1.B.2,CH4,05_MNG,97.61049617
3.A.1,CH4,05_MNG,17609.44157
3.A.2,CH4,05_MNG,728.7146146
3.C.1,CH4,05_MNG,5.263624996
4.A,CH4,05_MNG,303.8078333
4.C,CH4,05_MNG,0.754376784
4.D,CH4,05_MNG,147.4303165
4.E,CH4,05_MNG,35.43855952
1.A.1.a,CH4,06_PRK,3.538387048
1.A.1.bc,CH4,06_PRK,0.0126112
1.A.2,CH4,06_PRK,103.1701992
1.A.3.b_noRES,CH4,06_PRK,5.819823856
1.A.3.e,CH4,06_PRK,8.978687228
1.A.4,CH4,06_PRK,623.7266655
1.A.5,CH4,06_PRK,613.2519912
1.B.1,CH4,06_PRK,12740.46302
1.B.2,CH4,06_PRK,4.01790102
2.B,CH4,06_PRK,0.5544
2.C,CH4,06_PRK,2.6609492
3.A.1,CH4,06_PRK,1510.451796
3.A.2,CH4,06_PRK,181.349728
3.C.1,CH4,06_PRK,46.74995525
3.C.7,CH4,06_PRK,2076.523926
4.A,CH4,06_PRK,2718.440168
4.C,CH4,06_PRK,9.132927412
4.D,CH4,06_PRK,1354.829589
4.E,CH4,06_PRK,33.19781223
1.A.1.a,CH4,07_NAM,2105.336187
1.A.1.bc,CH4,07_NAM,455.6081694
1.A.2,CH4,07_NAM,1889.145459
1.A.3.a,CH4,07_NAM,37.00663115
1.A.3.b_noRES,CH4,07_NAM,4126.310224
1.A.3.c,CH4,07_NAM,77.8140706
1.A.3.d,CH4,07_NAM,81.70861094
1.A.3.e,CH4,07_NAM,30.72623749
1.A.4,CH4,07_NAM,10131.04863
1.A.5,CH4,07_NAM,4.40099546
1.B.1,CH4,07_NAM,56812.4531
1.B.2,CH4,07_NAM,404254.3427
2.B,CH4,07_NAM,1105.672796
2.C,CH4,07_NAM,33.67367651
3.A.1,CH4,07_NAM,217999.0328
3.A.2,CH4,07_NAM,69082.883
3.C.1,CH4,07_NAM,290.1474637
3.C.7,CH4,07_NAM,15016.02733
4.A,CH4,07_NAM,153229.4946
4.B,CH4,07_NAM,2744.510051
4.C,CH4,07_NAM,29.40900486
4.D,CH4,07_NAM,28693.24701
4.E,CH4,07_NAM,4145.103658
5.B,CH4,07_NAM,420
1.A.1.a,CH4,08_LAM,1146.587861
1.A.1.bc,CH4,08_LAM,678.5333834
1.A.2,CH4,08_LAM,2678.336112
1.A.3.a,CH4,08_LAM,3.244896595
1.A.3.b_noRES,CH4,08_LAM,2604.672781
1.A.3.c,CH4,08_LAM,8.482996371
1.A.3.d,CH4,08_LAM,25.4562812
1.A.3.e,CH4,08_LAM,3.797125417
1.A.4,CH4,08_LAM,13710.56753
1.A.5,CH4,08_LAM,52.47875379
1.B.1,CH4,08_LAM,29373.10031
1.B.2,CH4,08_LAM,72655.3752
2.B,CH4,08_LAM,624.2692688
2.C,CH4,08_LAM,118.2405787
3.A.1,CH4,08_LAM,797810.2936
3.A.2,CH4,08_LAM,25040.19534
3.C.1,CH4,08_LAM,16076.43703
3.C.7,CH4,08_LAM,21818.9167
4.A,CH4,08_LAM,154333.5824
4.B,CH4,08_LAM,1540.441725
4.C,CH4,08_LAM,513.1130936
4.D,CH4,08_LAM,88160.03181
4.E,CH4,08_LAM,1715.679686
1.A.1.a,CH4,09_WEU,2382.355701
1.A.1.bc,CH4,09_WEU,117.9469435
1.A.2,CH4,09_WEU,1228.41078
1.A.3.a,CH4,09_WEU,5.15729837
1.A.3.b_noRES,CH4,09_WEU,1795.00422
1.A.3.c,CH4,09_WEU,7.169898848
1.A.3.d,CH4,09_WEU,54.70960756
1.A.3.e,CH4,09_WEU,2.174531884
1.A.4,CH4,09_WEU,14544.52413
1.A.5,CH4,09_WEU,70.9398613
1.B.1,CH4,09_WEU,10222.24733
1.B.2,CH4,09_WEU,34106.60155
2.B,CH4,09_WEU,572.2196956
2.C,CH4,09_WEU,221.2948654
3.A.1,CH4,09_WEU,213456.9446
3.A.2,CH4,09_WEU,67634.64482
3.C.1,CH4,09_WEU,403.4534095
3.C.7,CH4,09_WEU,2898.948033
4.A,CH4,09_WEU,102818.0524
4.B,CH4,09_WEU,3323.732233
4.C,CH4,09_WEU,669.4939655
4.D,CH4,09_WEU,19066.37523
4.E,CH4,09_WEU,11579.75309
1.A.1.a,CH4,10_EEU,365.402419
1.A.1.bc,CH4,10_EEU,18.51467538
1.A.2,CH4,10_EEU,306.7075402
1.A.3.a,CH4,10_EEU,0.098744031
1.A.3.b_noRES,CH4,10_EEU,461.0643431
1.A.3.c,CH4,10_EEU,2.45063
1.A.3.d,CH4,10_EEU,1.326711008
1.A.3.e,CH4,10_EEU,0.912690632
1.A.4,CH4,10_EEU,9537.719715
1.A.5,CH4,10_EEU,4.10146898
1.B.1,CH4,10_EEU,20850.87029
1.B.2,CH4,10_EEU,11266.9337
2.B,CH4,10_EEU,79.1880962
2.C,CH4,10_EEU,56.18745362
3.A.1,CH4,10_EEU,46288.61568
3.A.2,CH4,10_EEU,9831.604793
3.C.1,CH4,10_EEU,233.293563
3.C.7,CH4,10_EEU,201.1742407
4.A,CH4,10_EEU,22593.24147
4.B,CH4,10_EEU,954.769653
4.C,CH4,10_EEU,19.20163866
4.D,CH4,10_EEU,11386.31829
4.E,CH4,10_EEU,3104.790603
1.A.1.a,CH4,11_RFSU,231.9524198
1.A.1.bc,CH4,11_RFSU,35.02099818
1.A.2,CH4,11_RFSU,135.7161848
1.A.3.a,CH4,11_RFSU,0.407313525
1.A.3.b_noRES,CH4,11_RFSU,485.0848988
1.A.3.c,CH4,11_RFSU,1.6025926
1.A.3.d,CH4,11_RFSU,1.37257806
1.A.3.e,CH4,11_RFSU,4.93400171
1.A.4,CH4,11_RFSU,3496.663694
1.A.5,CH4,11_RFSU,80.0358137
1.B.1,CH4,11_RFSU,27562.45279
1.B.2,CH4,11_RFSU,79172.56894
2.B,CH4,11_RFSU,22.48353178
2.C,CH4,11_RFSU,182.0142618
3.A.1,CH4,11_RFSU,102363.7972
3.A.2,CH4,11_RFSU,12818.53574
3.C.1,CH4,11_RFSU,1004.070311
3.C.7,CH4,11_RFSU,1310.363546
4.A,CH4,11_RFSU,25172.38386
4.B,CH4,11_RFSU,8.8868654
4.C,CH4,11_RFSU,1.40821506
4.D,CH4,11_RFSU,8776.472921
4.E,CH4,11_RFSU,1910.047596
1.A.1.a,CH4,12_MEA,1276.767573
1.A.1.bc,CH4,12_MEA,230.3059105
1.A.2,CH4,12_MEA,341.7398182
1.A.3.a,CH4,12_MEA,1.713573778
1.A.3.b_noRES,CH4,12_MEA,4270.198142
1.A.3.c,CH4,12_MEA,0.836126542
1.A.3.d,CH4,12_MEA,2.391630175
1.A.3.e,CH4,12_MEA,1.523199608
1.A.4,CH4,12_MEA,4333.18736
1.A.5,CH4,12_MEA,75.2697582
1.B.1,CH4,12_MEA,11652.48568
1.B.2,CH4,12_MEA,502423.1174
2.B,CH4,12_MEA,1832.472464
2.C,CH4,12_MEA,23.2968344
3.A.1,CH4,12_MEA,130004.8038
3.A.2,CH4,12_MEA,5653.858225
3.C.1,CH4,12_MEA,643.8740294
3.C.7,CH4,12_MEA,9803.65981
4.A,CH4,12_MEA,114955.266
4.B,CH4,12_MEA,884.1811923
4.C,CH4,12_MEA,11.77259622
4.D,CH4,12_MEA,43914.90127
4.E,CH4,12_MEA,640.3981133
1.A.1.a,CH4,13_AFR,166.7561721
1.A.1.bc,CH4,13_AFR,40.25099518
1.A.2,CH4,13_AFR,886.2825805
1.A.3.a,CH4,13_AFR,0.537826537
1.A.3.b_noRES,CH4,13_AFR,1392.910533
1.A.3.c,CH4,13_AFR,3.71594846
1.A.3.d,CH4,13_AFR,8.173207876
1.A.3.e,CH4,13_AFR,0.496535721
1.A.4,CH4,13_AFR,66371.17434
1.A.5,CH4,13_AFR,650.1683666
1.B.1,CH4,13_AFR,144154.685
1.B.2,CH4,13_AFR,165344.5075
2.B,CH4,13_AFR,99.42436
2.C,CH4,13_AFR,133.8678852
3.A.1,CH4,13_AFR,450569.2285
3.A.2,CH4,13_AFR,17397.22147
3.C.1,CH4,13_AFR,5456.327538
3.C.7,CH4,13_AFR,34512.84939
4.A,CH4,13_AFR,60551.68891
4.B,CH4,13_AFR,124.2230767
4.C,CH4,13_AFR,33.71782736
4.D,CH4,13_AFR,57340.51829
4.E,CH4,13_AFR,5621.013709
1.A.1.a,CH4,14_RCPA,99.10387567
1.A.2,CH4,14_RCPA,387.7510043
1.A.3.a,CH4,14_RCPA,0.588270438
1.A.3.b_noRES,CH4,14_RCPA,240.2287818
1.A.3.c,CH4,14_RCPA,1.340778068
1.A.3.d,CH4,14_RCPA,9.10441
1.A.4,CH4,14_RCPA,2363.096973
1.A.5,CH4,14_RCPA,0.966739312
1.B.1,CH4,14_RCPA,22186.81645
1.B.2,CH4,14_RCPA,2608.303696
3.A.1,CH4,14_RCPA,24284.44019
3.A.2,CH4,14_RCPA,5393.444467
3.C.1,CH4,14_RCPA,3810.164996
3.C.7,CH4,14_RCPA,71615.72741
4.A,CH4,14_RCPA,8981.953217
4.B,CH4,14_RCPA,2.01940158
4.C,CH4,14_RCPA,94.26994122
4.D,CH4,14_RCPA,7241.681959
4.E,CH4,14_RCPA,78.47366433
1.A.1.a,CH4,15_SAS,986.9001078
1.A.1.bc,CH4,15_SAS,34.88617454
1.A.2,CH4,15_SAS,3769.868717
1.A.3.a,CH4,15_SAS,2.775670688
1.A.3.b_noRES,CH4,15_SAS,2536.702727
1.A.3.c,CH4,15_SAS,16.02839764
1.A.3.d,CH4,15_SAS,18.59469312
1.A.3.e,CH4,15_SAS,1.085751408
1.A.4,CH4,15_SAS,54348.58435
1.A.5,CH4,15_SAS,833.419965
1.B.1,CH4,15_SAS,60532.3634
1.B.2,CH4,15_SAS,23687.39925
2.B,CH4,15_SAS,93.07064976
2.C,CH4,15_SAS,234.4514144
3.A.1,CH4,15_SAS,603780.5291
3.A.2,CH4,15_SAS,50207.44444
3.C.1,CH4,15_SAS,12890.09466
3.C.7,CH4,15_SAS,139106.4017
4.A,CH4,15_SAS,46607.46947
4.B,CH4,15_SAS,1393.422639
4.C,CH4,15_SAS,3.930335052
4.D,CH4,15_SAS,114786.5001
4.E,CH4,15_SAS,1142.676317
5.B,CH4,15_SAS,1260
1.A.1.a,CH4,16_RPAS,1010.623583
1.A.1.bc,CH4,16_RPAS,90.88777365
1.A.2,CH4,16_RPAS,1244.436336
1.A.3.a,CH4,16_RPAS,3.230406987
1.A.3.b_noRES,CH4,16_RPAS,1999.869093
1.A.3.c,CH4,16_RPAS,3.718459472
1.A.3.d,CH4,16_RPAS,35.17452201
1.A.3.e,CH4,16_RPAS,0.491601132
1.A.4,CH4,16_RPAS,8971.561098
1.A.5,CH4,16_RPAS,13.41174601
1.B.1,CH4,16_RPAS,196213.1634
1.B.2,CH4,16_RPAS,38445.01443
2.B,CH4,16_RPAS,492.791564
2.C,CH4,16_RPAS,164.067078
3.A.1,CH4,16_RPAS,77152.46362
3.A.2,CH4,16_RPAS,13929.47292
3.C.1,CH4,16_RPAS,10304.46634
3.C.7,CH4,16_RPAS,144674.2619
4.A,CH4,16_RPAS,44262.34684
4.B,CH4,16_RPAS,58.80638358
4.C,CH4,16_RPAS,1016.36688
4.D,CH4,16_RPAS,64469.88058
4.E,CH4,16_RPAS,1040.860777
1.A.1.a,CH4,17_RPAO,134.6309701
1.A.1.bc,CH4,17_RPAO,36.88821391
1.A.2,CH4,17_RPAO,180.012299
1.A.3.a,CH4,17_RPAO,1.932722204
1.A.3.b_noRES,CH4,17_RPAO,278.0719838
1.A.3.c,CH4,17_RPAO,5.549613216
1.A.3.d,CH4,17_RPAO,6.5866255
1.A.3.e,CH4,17_RPAO,1.130992352
1.A.4,CH4,17_RPAO,523.6114954
1.A.5,CH4,17_RPAO,14.5223153
1.B.1,CH4,17_RPAO,36122.7184
1.B.2,CH4,17_RPAO,14733.0739
2.B,CH4,17_RPAO,117.0330419
2.C,CH4,17_RPAO,16.0583892
3.A.1,CH4,17_RPAO,94809.5589
3.A.2,CH4,17_RPAO,8802.236909
3.C.1,CH4,17_RPAO,468.2902465
3.C.7,CH4,17_RPAO,33.8954364
4.A,CH4,17_RPAO,16364.84263
4.B,CH4,17_RPAO,168.292385
4.C,CH4,17_RPAO,86.19984288
4.D,CH4,17_RPAO,2286.060942
4.E,CH4,17_RPAO,326.8941729
5.B,CH4,17_RPAO,16.8
1.A.1.a,N2O,01_KOR,3784.308717
1.A.1.bc,N2O,01_KOR,16.19379994
1.A.2,N2O,01_KOR,238.5964195
1.A.3.a,N2O,01_KOR,24.5093518
1.A.3.b_noRES,N2O,01_KOR,1547.747337
1.A.3.c,N2O,01_KOR,28.74871501
1.A.3.d,N2O,01_KOR,8.54671799
1.A.3.e,N2O,01_KOR,0.008968342
1.A.4,N2O,01_KOR,148.4356894
1.A.5,N2O,01_KOR,7.753588095
1.B.2,N2O,01_KOR,0.0055279
2.B,N2O,01_KOR,1238.970533
2.G,N2O,01_KOR,0.10883921
3.A.2,N2O,01_KOR,1229.703195
3.C.1,N2O,01_KOR,0.73289619
3.C.4,N2O,01_KOR,2687.626343
3.C.5,N2O,01_KOR,677.5045086
3.C.6,N2O,01_KOR,60.327144
4.B,N2O,01_KOR,190.4714925
4.C,N2O,01_KOR,98.87012068
4.D,N2O,01_KOR,920.5092756
5.A,N2O,01_KOR,1205.691736
1.A.1.a,N2O,02_CHN,49432.34172
1.A.1.bc,N2O,02_CHN,752.2514103
1.A.2,N2O,02_CHN,6408.837797
1.A.3.a,N2O,02_CHN,605.2118389
1.A.3.b_noRES,N2O,02_CHN,19366.52587
1.A.3.c,N2O,02_CHN,864.9016854
1.A.3.d,N2O,02_CHN,539.553816
1.A.3.e,N2O,02_CHN,12.38849587
1.A.4,N2O,02_CHN,9004.476036
1.A.5,N2O,02_CHN,739.9844749
1.B.2,N2O,02_CHN,18.91997419
2.B,N2O,02_CHN,10096.15639
2.G,N2O,02_CHN,113.9955615
3.A.2,N2O,02_CHN,19919.69173
3.C.1,N2O,02_CHN,2606.647697
3.C.4,N2O,02_CHN,167116.3246
3.C.5,N2O,02_CHN,42418.67549
3.C.6,N2O,02_CHN,2060.704627
4.B,N2O,02_CHN,183.7045834
4.C,N2O,02_CHN,251.6446177
4.D,N2O,02_CHN,28968.37649
5.A,N2O,02_CHN,26030.88134
5.B,N2O,02_CHN,119.25
1.A.1.a,N2O,03_JPN,2587.073505
1.A.1.bc,N2O,03_JPN,27.51713572
1.A.2,N2O,03_JPN,488.2242329
1.A.3.a,N2O,03_JPN,78.22787731
1.A.3.b_noRES,N2O,03_JPN,1819.781842
1.A.3.c,N2O,03_JPN,50.56517974
1.A.3.d,N2O,03_JPN,69.05336743
1.A.4,N2O,03_JPN,1033.960447
1.A.5,N2O,03_JPN,19.32398338
1.B.1,N2O,03_JPN,0.204267035
1.B.2,N2O,03_JPN,0.02959944
2.B,N2O,03_JPN,889.2968214
2.G,N2O,03_JPN,161.3855308
3.A.2,N2O,03_JPN,1208.492304
3.C.1,N2O,03_JPN,7.44774444
3.C.4,N2O,03_JPN,3093.856272
3.C.5,N2O,03_JPN,1081.492156
3.C.6,N2O,03_JPN,78.23876854
4.B,N2O,03_JPN,94.07625107
4.C,N2O,03_JPN,411.0921823
4.D,N2O,03_JPN,1947.750674
5.A,N2O,03_JPN,2272.387934
1.A.1.a,N2O,04_RUS,1789.60178
1.A.1.bc,N2O,04_RUS,29.60082542
1.A.2,N2O,04_RUS,611.6059526
1.A.3.a,N2O,04_RUS,129.92632
1.A.3.b_noRES,N2O,04_RUS,1543.357235
1.A.3.c,N2O,04_RUS,1247.856006
1.A.3.d,N2O,04_RUS,13.6082058
1.A.3.e,N2O,04_RUS,45.91094022
1.A.4,N2O,04_RUS,1095.809447
1.A.5,N2O,04_RUS,572.8522596
1.B.1,N2O,04_RUS,2.2814274
1.B.2,N2O,04_RUS,187.0302984
2.B,N2O,04_RUS,17674.37836
2.G,N2O,04_RUS,492.5323326
3.A.2,N2O,04_RUS,2899.826413
3.C.1,N2O,04_RUS,294.4140383
3.C.4,N2O,04_RUS,34019.13955
3.C.5,N2O,04_RUS,6109.329096
3.C.6,N2O,04_RUS,539.0355441
4.B,N2O,04_RUS,41.19239447
4.C,N2O,04_RUS,0.222149235
4.D,N2O,04_RUS,2693.155428
5.A,N2O,04_RUS,5241.665616
1.A.1.a,N2O,05_MNG,586.2205031
1.A.1.bc,N2O,05_MNG,0.007900975
1.A.2,N2O,05_MNG,6.586281645
1.A.3.a,N2O,05_MNG,0.0802526
1.A.3.b_noRES,N2O,05_MNG,8.3434561
1.A.3.c,N2O,05_MNG,79.36456036
1.A.3.e,N2O,05_MNG,0.0433752
1.A.4,N2O,05_MNG,34.69525008
1.A.5,N2O,05_MNG,9.83571615
1.B.1,N2O,05_MNG,0.59791473
1.B.2,N2O,05_MNG,0.004356017
2.G,N2O,05_MNG,0.252836765
3.A.2,N2O,05_MNG,546.1131223
3.C.1,N2O,05_MNG,1.291537655
3.C.4,N2O,05_MNG,9963.98556
3.C.5,N2O,05_MNG,540.09638
3.C.6,N2O,05_MNG,81.30385156
4.C,N2O,05_MNG,0.065610203
4.D,N2O,05_MNG,63.65504262
5.A,N2O,05_MNG,130.8729294
1.A.1.a,N2O,06_PRK,58.68869352
1.A.1.bc,N2O,06_PRK,0.089516735
1.A.2,N2O,06_PRK,146.5398903
1.A.3.b_noRES,N2O,06_PRK,10.51868422
1.A.3.e,N2O,06_PRK,17.09997883
1.A.4,N2O,06_PRK,45.28673086
1.A.5,N2O,06_PRK,50.39974554
1.B.1,N2O,06_PRK,5.775765365
2.G,N2O,06_PRK,0.054542035
3.A.2,N2O,06_PRK,147.2236523
3.C.1,N2O,06_PRK,11.47105394
3.C.4,N2O,06_PRK,1023.814013
3.C.5,N2O,06_PRK,220.6902126
3.C.6,N2O,06_PRK,12.42897727
4.C,N2O,06_PRK,0.797876575
5.A,N2O,06_PRK,457.2352869
1.A.1.a,N2O,07_NAM,8635.112546
1.A.1.bc,N2O,07_NAM,282.0890546
1.A.2,N2O,07_NAM,2461.196231
1.A.3.a,N2O,07_NAM,1400.965322
1.A.3.b_noRES,N2O,07_NAM,18069.95926
1.A.3.c,N2O,07_NAM,4979.623608
1.A.3.d,N2O,07_NAM,220.6392151
1.A.3.e,N2O,07_NAM,29.5636261
1.A.4,N2O,07_NAM,6897.704047
1.A.5,N2O,07_NAM,278.6649121
1.B.2,N2O,07_NAM,169.0723606
2.B,N2O,07_NAM,17405.93545
2.G,N2O,07_NAM,4200.274165
3.A.2,N2O,07_NAM,4756.84759
3.C.1,N2O,07_NAM,71.19359048
3.C.4,N2O,07_NAM,139432.4033
3.C.5,N2O,07_NAM,24763.49634
3.C.6,N2O,07_NAM,1068.433991
4.B,N2O,07_NAM,2198.005435
4.C,N2O,07_NAM,71.46993
4.D,N2O,07_NAM,8507.176322
5.A,N2O,07_NAM,15066.59427
5.B,N2O,07_NAM,19.875
1.A.1.a,N2O,08_LAM,2732.795961
1.A.1.bc,N2O,08_LAM,757.2350498
1.A.2,N2O,08_LAM,2794.007815
1.A.3.a,N2O,08_LAM,122.8425116
1.A.3.b_noRES,N2O,08_LAM,7314.312097
1.A.3.c,N2O,08_LAM,529.7619332
1.A.3.d,N2O,08_LAM,68.83314932
1.A.3.e,N2O,08_LAM,21.41738305
1.A.4,N2O,08_LAM,5981.672898
1.A.5,N2O,08_LAM,17.90613977
1.B.1,N2O,08_LAM,251.4807234
1.B.2,N2O,08_LAM,156.2776137
2.B,N2O,08_LAM,3144.579095
2.G,N2O,08_LAM,475.8485587
3.A.2,N2O,08_LAM,8688.280999
3.C.1,N2O,08_LAM,3944.681308
3.C.4,N2O,08_LAM,214194.7442
3.C.5,N2O,08_LAM,28415.73063
3.C.6,N2O,08_LAM,1486.569511
4.B,N2O,08_LAM,1093.438545
4.C,N2O,08_LAM,69.35296219
4.D,N2O,08_LAM,10119.58183
5.A,N2O,08_LAM,14565.45419
1.A.1.a,N2O,09_WEU,8081.841387
1.A.1.bc,N2O,09_WEU,105.6019989
1.A.2,N2O,09_WEU,1639.006813
1.A.3.a,N2O,09_WEU,195.2405801
1.A.3.b_noRES,N2O,09_WEU,7385.108939
1.A.3.c,N2O,09_WEU,460.137386
1.A.3.d,N2O,09_WEU,147.7219024
1.A.3.e,N2O,09_WEU,6.815488596
1.A.4,N2O,09_WEU,6589.243942
1.A.5,N2O,09_WEU,21.09928934
1.B.1,N2O,09_WEU,2.64343118
1.B.2,N2O,09_WEU,14.91446028
2.B,N2O,09_WEU,18056.23459
2.G,N2O,09_WEU,6305.863918
3.A.2,N2O,09_WEU,13786.78285
3.C.1,N2O,09_WEU,98.9955128
3.C.4,N2O,09_WEU,116001.113
3.C.5,N2O,09_WEU,23910.3729
3.C.6,N2O,09_WEU,2099.538823
4.B,N2O,09_WEU,3129.100551
4.C,N2O,09_WEU,463.6129542
4.D,N2O,09_WEU,9585.840343
5.A,N2O,09_WEU,7997.083651
1.A.1.a,N2O,10_EEU,5017.892814
1.A.1.bc,N2O,10_EEU,23.19192774
1.A.2,N2O,10_EEU,407.619912
1.A.3.a,N2O,10_EEU,3.738165154
1.A.3.b_noRES,N2O,10_EEU,1378.083421
1.A.3.c,N2O,10_EEU,158.0442836
1.A.3.d,N2O,10_EEU,3.58753502
1.A.3.e,N2O,10_EEU,2.014292163
1.A.4,N2O,10_EEU,2373.416703
1.A.5,N2O,10_EEU,33.49760829
1.B.1,N2O,10_EEU,2.314349675
1.B.2,N2O,10_EEU,1.531403263
2.B,N2O,10_EEU,11606.88466
2.G,N2O,10_EEU,821.5150843
3.A.2,N2O,10_EEU,2740.629059
3.C.1,N2O,10_EEU,57.24332803
3.C.4,N2O,10_EEU,38207.94384
3.C.5,N2O,10_EEU,6985.143366
3.C.6,N2O,10_EEU,503.6820335
4.B,N2O,10_EEU,677.7159589
4.C,N2O,10_EEU,15.53565513
4.D,N2O,10_EEU,2149.915254
5.A,N2O,10_EEU,2443.241675
1.A.1.a,N2O,11_RFSU,795.0692686
1.A.1.bc,N2O,11_RFSU,27.2976802
1.A.2,N2O,11_RFSU,192.1035962
1.A.3.a,N2O,11_RFSU,12.58528593
1.A.3.b_noRES,N2O,11_RFSU,1133.847762
1.A.3.c,N2O,11_RFSU,99.98413099
1.A.3.d,N2O,11_RFSU,3.711563235
1.A.3.e,N2O,11_RFSU,4.711394349
1.A.4,N2O,11_RFSU,1249.253264
1.A.5,N2O,11_RFSU,20.33598923
1.B.1,N2O,11_RFSU,6.897110825
1.B.2,N2O,11_RFSU,34.19694488
2.B,N2O,11_RFSU,5558.101005
2.G,N2O,11_RFSU,261.64729
3.A.2,N2O,11_RFSU,5470.927056
3.C.1,N2O,11_RFSU,246.369104
3.C.4,N2O,11_RFSU,49379.71883
3.C.5,N2O,11_RFSU,7885.745647
3.C.6,N2O,11_RFSU,562.258759
4.B,N2O,11_RFSU,6.30808756
4.C,N2O,11_RFSU,9.887435405
4.D,N2O,11_RFSU,2424.258696
5.A,N2O,11_RFSU,2517.780702
1.A.1.a,N2O,12_MEA,975.9949855
1.A.1.bc,N2O,12_MEA,131.5783684
1.A.2,N2O,12_MEA,478.4316204
1.A.3.a,N2O,12_MEA,64.86655428
1.A.3.b_noRES,N2O,12_MEA,8902.900351
1.A.3.c,N2O,12_MEA,54.53530904
1.A.3.d,N2O,12_MEA,6.467163191
1.A.3.e,N2O,12_MEA,1.71704373
1.A.4,N2O,12_MEA,2018.652222
1.A.5,N2O,12_MEA,25.35681724
1.B.1,N2O,12_MEA,137.5642676
1.B.2,N2O,12_MEA,494.8991598
2.B,N2O,12_MEA,7378.003224
2.G,N2O,12_MEA,10476.72014
3.A.2,N2O,12_MEA,833.745875
3.C.1,N2O,12_MEA,157.9876093
3.C.4,N2O,12_MEA,63789.49503
3.C.5,N2O,12_MEA,8121.51834
3.C.6,N2O,12_MEA,227.5631821
4.B,N2O,12_MEA,627.6107567
4.C,N2O,12_MEA,1.028485193
4.D,N2O,12_MEA,7339.005886
5.A,N2O,12_MEA,11677.05257
1.A.1.a,N2O,13_AFR,2248.651622
1.A.1.bc,N2O,13_AFR,243.6776445
1.A.2,N2O,13_AFR,1027.041226
1.A.3.a,N2O,13_AFR,20.36057702
1.A.3.b_noRES,N2O,13_AFR,2402.697592
1.A.3.c,N2O,13_AFR,231.4806021
1.A.3.d,N2O,13_AFR,22.10102154
1.A.3.e,N2O,13_AFR,1.197292976
1.A.4,N2O,13_AFR,9501.394506
1.A.5,N2O,13_AFR,116.4584072
1.B.1,N2O,13_AFR,1243.552855
1.B.2,N2O,13_AFR,114.068036
2.B,N2O,13_AFR,295.62075
2.G,N2O,13_AFR,1316.607671
3.A.2,N2O,13_AFR,4970.83485
3.C.1,N2O,13_AFR,1338.821109
3.C.4,N2O,13_AFR,171553.4852
3.C.5,N2O,13_AFR,12458.60568
3.C.6,N2O,13_AFR,302.8035763
4.B,N2O,13_AFR,88.17620203
4.C,N2O,13_AFR,2.944670884
4.D,N2O,13_AFR,10792.97903
5.A,N2O,13_AFR,27968.0132
1.A.1.a,N2O,14_RCPA,4538.5845
1.A.2,N2O,14_RCPA,538.7731684
1.A.3.a,N2O,14_RCPA,22.27023748
1.A.3.b_noRES,N2O,14_RCPA,448.8996507
1.A.3.c,N2O,14_RCPA,87.45057505
1.A.3.d,N2O,14_RCPA,24.6190679
1.A.4,N2O,14_RCPA,988.4628909
1.A.5,N2O,14_RCPA,0.54896976
1.B.1,N2O,14_RCPA,29.99680194
1.B.2,N2O,14_RCPA,5.736565505
2.G,N2O,14_RCPA,0.256468828
3.A.2,N2O,14_RCPA,3026.282017
3.C.1,N2O,14_RCPA,934.9015963
3.C.4,N2O,14_RCPA,12654.35115
3.C.5,N2O,14_RCPA,3862.295196
3.C.6,N2O,14_RCPA,194.9645407
4.B,N2O,14_RCPA,1.433414415
4.C,N2O,14_RCPA,8.23567053
4.D,N2O,14_RCPA,1788.093839
5.A,N2O,14_RCPA,2431.276864
1.A.1.a,N2O,15_SAS,19531.92922
1.A.1.bc,N2O,15_SAS,33.40889
1.A.2,N2O,15_SAS,5069.93819
1.A.3.a,N2O,15_SAS,105.0789612
1.A.3.b_noRES,N2O,15_SAS,7725.550669
1.A.3.c,N2O,15_SAS,1045.110713
1.A.3.d,N2O,15_SAS,50.28156826
1.A.3.e,N2O,15_SAS,1.55304522
1.A.4,N2O,15_SAS,11465.69931
1.A.5,N2O,15_SAS,69.39216112
1.B.1,N2O,15_SAS,88.44080347
1.B.2,N2O,15_SAS,13.29268069
2.B,N2O,15_SAS,243.4802537
2.G,N2O,15_SAS,146.2002066
3.A.2,N2O,15_SAS,3324.368583
3.C.1,N2O,15_SAS,3162.847302
3.C.4,N2O,15_SAS,205187.3147
3.C.5,N2O,15_SAS,42301.58384
3.C.6,N2O,15_SAS,1325.058495
4.B,N2O,15_SAS,989.081248
4.C,N2O,15_SAS,0.343364475
4.D,N2O,15_SAS,20846.39352
5.A,N2O,15_SAS,17668.00934
5.B,N2O,15_SAS,59.625
1.A.1.a,N2O,16_RPAS,7892.223798
1.A.1.bc,N2O,16_RPAS,53.12306123
1.A.2,N2O,16_RPAS,1770.291946
1.A.3.a,N2O,16_RPAS,122.2939784
1.A.3.b_noRES,N2O,16_RPAS,3786.416075
1.A.3.c,N2O,16_RPAS,239.1816537
1.A.3.d,N2O,16_RPAS,95.09729577
1.A.3.e,N2O,16_RPAS,0.930530726
1.A.4,N2O,16_RPAS,2815.836344
1.A.5,N2O,16_RPAS,7.222704194
1.B.1,N2O,16_RPAS,135.6870209
1.B.2,N2O,16_RPAS,41.70363
2.B,N2O,16_RPAS,2498.902598
2.G,N2O,16_RPAS,19.87248117
3.A.2,N2O,16_RPAS,9069.874881
3.C.1,N2O,16_RPAS,2528.410722
3.C.4,N2O,16_RPAS,61675.68417
3.C.5,N2O,16_RPAS,15958.66984
3.C.6,N2O,16_RPAS,853.077294
4.B,N2O,16_RPAS,41.74203124
4.C,N2O,16_RPAS,88.7175833
4.D,N2O,16_RPAS,7456.74599
5.A,N2O,16_RPAS,10591.19419
1.A.1.a,N2O,17_RPAO,878.6862516
1.A.1.bc,N2O,17_RPAO,17.92658724
1.A.2,N2O,17_RPAO,268.718175
1.A.3.a,N2O,17_RPAO,73.16734085
1.A.3.b_noRES,N2O,17_RPAO,1230.675949
1.A.3.c,N2O,17_RPAO,361.2991675
1.A.3.d,N2O,17_RPAO,17.81077296
1.A.3.e,N2O,17_RPAO,1.895912025
1.A.4,N2O,17_RPAO,769.1942356
1.A.5,N2O,17_RPAO,924.2838421
1.B.2,N2O,17_RPAO,12.04891188
2.B,N2O,17_RPAO,3685.18275
2.G,N2O,17_RPAO,170.2552501
3.A.2,N2O,17_RPAO,36.21073924
3.C.1,N2O,17_RPAO,114.9045512
3.C.4,N2O,17_RPAO,37272.78431
3.C.5,N2O,17_RPAO,3954.278894
3.C.6,N2O,17_RPAO,101.3938145
4.B,N2O,17_RPAO,506.1452112
4.C,N2O,17_RPAO,15.70999023
4.D,N2O,17_RPAO,593.1027805
5.A,N2O,17_RPAO,4601.021335
5.B,N2O,17_RPAO,0.795
2.C,F-gas,01_KOR,89.4671555
2.E,F-gas,01_KOR,2716.118021
2.F,F-gas,01_KOR,9192.382958
2.G,F-gas,01_KOR,6024.49873
2.B,F-gas,02_CHN,114498.3413
2.C,F-gas,02_CHN,18844.39232
2.E,F-gas,02_CHN,10182.4022
2.F,F-gas,02_CHN,178648.1151
2.G,F-gas,02_CHN,94864.01667
2.B,F-gas,03_JPN,72.7355
2.C,F-gas,03_JPN,317.6689702
2.E,F-gas,03_JPN,3068.008734
2.F,F-gas,03_JPN,16061.94951
2.G,F-gas,03_JPN,2396.509121
2.B,F-gas,04_RUS,16107.48107
2.C,F-gas,04_RUS,4289.119495
2.E,F-gas,04_RUS,22.8329622
2.F,F-gas,04_RUS,19631.51681
2.G,F-gas,04_RUS,11442.39592
2.B,F-gas,06_PRK,109.52
2.F,F-gas,06_PRK,2099.771717
2.B,F-gas,07_NAM,4197.538102
2.C,F-gas,07_NAM,5156.420763
2.E,F-gas,07_NAM,4197.080528
2.F,F-gas,07_NAM,157332.835
2.G,F-gas,07_NAM,42122.41536
2.B,F-gas,08_LAM,3688.16
2.C,F-gas,08_LAM,490.6049209
2.F,F-gas,08_LAM,65278.57413
2.G,F-gas,08_LAM,1927.546513
2.B,F-gas,09_WEU,762.4236883
2.C,F-gas,09_WEU,2735.0759
2.E,F-gas,09_WEU,790.0531389
2.F,F-gas,09_WEU,79578.35942
2.G,F-gas,09_WEU,8888.561984
2.C,F-gas,10_EEU,1672.186558
2.E,F-gas,10_EEU,9.94739778
2.F,F-gas,10_EEU,18162.39431
2.G,F-gas,10_EEU,1993.296099
2.C,F-gas,11_RFSU,896.4302212
2.F,F-gas,11_RFSU,6199.267106
2.G,F-gas,11_RFSU,426.9392758
2.C,F-gas,12_MEA,1591.371613
2.F,F-gas,12_MEA,119465.011
2.G,F-gas,12_MEA,13532.74332
2.C,F-gas,13_AFR,385.5768767
2.F,F-gas,13_AFR,38816.14944
2.G,F-gas,13_AFR,2875.364618
2.E,F-gas,14_RCPA,945.9514882
2.F,F-gas,14_RCPA,6361.271203
2.C,F-gas,15_SAS,796.8598951
2.F,F-gas,15_SAS,55965.82618
2.G,F-gas,15_SAS,9188.095638
2.C,F-gas,16_RPAS,133.6083612
2.E,F-gas,16_RPAS,7090.809211
2.F,F-gas,16_RPAS,48077.46065
2.G,F-gas,16_RPAS,8070.39642
2.C,F-gas,17_RPAO,331.3290798
2.E,F-gas,17_RPAO,6.0586316
2.F,F-gas,17_RPAO,11716.8931
2.G,F-gas,17_RPAO,413.574162
