p1_HARDCOAL,CO2EF,26.8
p2_BROWN,CO2EF,27.6
p3_ANTCOAL,CO2EF,26.8
p4_COKCOAL,CO2EF,25.8
p5_BITCOAL,CO2EF,25.8
p6_SUBCOAL,CO2EF,26.2
p7_LIGNITE,CO2EF,27.6
p8_PATFUEL,CO2EF,26.6
p9_OVENCOKE,CO2EF,29.2
p10_GASCOKE,CO2EF,29.2
p11_COALTAR,CO2EF,22
p12_BKB,CO2EF,26.6
p13_GASWKSGS,CO2EF,12.1
p14_COKEOVGS,CO2EF,12.1
p15_BLFURGS,CO2EF,70.8
p16_OGASES,CO2EF,49.6
p17_PEAT,CO2EF,28.9
p18_PEATPROD,CO2EF,28.9
p19_OILSHALE,CO2EF,29.1
p20_NATGAS,CO2EF,15.3
p21_CRNGFEED,CO2EF,20
p22_CRUDEOIL,CO2EF,20
p23_NGL,CO2EF,17.5
p24_REFFEEDS,CO2EF,20
p25_ADDITIVE,CO2EF,20
p26_NONCRUDE,CO2EF,20
p27_REFINGAS,CO2EF,15.7
p28_ETHANE,CO2EF,16.8
p29_LPG,CO2EF,17.2
p30_NONBIOGASO,CO2EF,18.9
p31_AVGAS,CO2EF,19.1
p32_JETGAS,CO2EF,19.1
p33_NONBIOJETK,CO2EF,19.5
p34_OTHKERO,CO2EF,19.6
p35_NONBIODIES,CO2EF,20.2
p36_RESFUEL,CO2EF,21.1
p37_NAPHTHA,CO2EF,20
p38_WHITESP,CO2EF,20
p39_LUBRIC,CO2EF,20
p40_BITUMEN,CO2EF,22
p41_PARWAX,CO2EF,20
p42_PETCOKE,CO2EF,26.6
p43_ONONSPEC,CO2EF,20
p44_INDWASTE,CO2EF,39
p45_MUNWASTER,CO2EF,0
p46_MUNWASTEN,CO2EF,25
p47_PRIMSBIO,CO2EF,11.6
p48_BIOGASES,CO2EF,50.4
p49_BIOGASOL,CO2EF,27
p50_BIODIESEL,CO2EF,27
p51_BIOJETKERO,CO2EF,27
p52_OBIOLIQ,CO2EF,27
p53_RENEWNS,CO2EF,0
p54_CHARCOAL,CO2EF,29.5
p1_HARDCOAL,Stored_rate,0
p2_BROWN,Stored_rate,0
p3_ANTCOAL,Stored_rate,0
p4_COKCOAL,Stored_rate,0
p5_BITCOAL,Stored_rate,0
p6_SUBCOAL,Stored_rate,0
p7_LIGNITE,Stored_rate,0
p8_PATFUEL,Stored_rate,0
p9_OVENCOKE,Stored_rate,0
p10_GASCOKE,Stored_rate,0
p11_COALTAR,Stored_rate,0
p12_BKB,Stored_rate,0
p13_GASWKSGS,Stored_rate,0
p14_COKEOVGS,Stored_rate,0
p15_BLFURGS,Stored_rate,0
p16_OGASES,Stored_rate,0
p17_PEAT,Stored_rate,0
p18_PEATPROD,Stored_rate,0
p19_OILSHALE,Stored_rate,0
p20_NATGAS,Stored_rate,0.33
p21_CRNGFEED,Stored_rate,0
p22_CRUDEOIL,Stored_rate,0
p23_NGL,Stored_rate,0
p24_REFFEEDS,Stored_rate,0
p25_ADDITIVE,Stored_rate,0
p26_NONCRUDE,Stored_rate,0
p27_REFINGAS,Stored_rate,0
p28_ETHANE,Stored_rate,0.8
p29_LPG,Stored_rate,0.8
p30_NONBIOGASO,Stored_rate,0.5
p31_AVGAS,Stored_rate,0.5
p32_JETGAS,Stored_rate,0.5
p33_NONBIOJETK,Stored_rate,0.5
p34_OTHKERO,Stored_rate,0.5
p35_NONBIODIES,Stored_rate,0.5
p36_RESFUEL,Stored_rate,0.5
p37_NAPHTHA,Stored_rate,0.8
p38_WHITESP,Stored_rate,0.5
p39_LUBRIC,Stored_rate,0.5
p40_BITUMEN,Stored_rate,1
p41_PARWAX,Stored_rate,0.5
p42_PETCOKE,Stored_rate,0.5
p43_ONONSPEC,Stored_rate,0.5
p44_INDWASTE,Stored_rate,0
p45_MUNWASTER,Stored_rate,0
p46_MUNWASTEN,Stored_rate,0
p47_PRIMSBIO,Stored_rate,0
p48_BIOGASES,Stored_rate,0
p49_BIOGASOL,Stored_rate,0
p50_BIODIESEL,Stored_rate,0
p51_BIOJETKERO,Stored_rate,0
p52_OBIOLIQ,Stored_rate,0
p53_RENEWNS,Stored_rate,0
p54_CHARCOAL,Stored_rate,0
p1_HARDCOAL,CH4EF_Energy,1
p2_BROWN,CH4EF_Energy,1
p3_ANTCOAL,CH4EF_Energy,1
p4_COKCOAL,CH4EF_Energy,1
p5_BITCOAL,CH4EF_Energy,1
p6_SUBCOAL,CH4EF_Energy,1
p7_LIGNITE,CH4EF_Energy,1
p8_PATFUEL,CH4EF_Energy,1
p9_OVENCOKE,CH4EF_Energy,1
p10_GASCOKE,CH4EF_Energy,1
p11_COALTAR,CH4EF_Energy,1
p12_BKB,CH4EF_Energy,1
p13_GASWKSGS,CH4EF_Energy,1
p14_COKEOVGS,CH4EF_Energy,1
p15_BLFURGS,CH4EF_Energy,1
p16_OGASES,CH4EF_Energy,1
p17_PEAT,CH4EF_Energy,1
p18_PEATPROD,CH4EF_Energy,1
p19_OILSHALE,CH4EF_Energy,1
p20_NATGAS,CH4EF_Energy,1
p21_CRNGFEED,CH4EF_Energy,3
p22_CRUDEOIL,CH4EF_Energy,3
p23_NGL,CH4EF_Energy,3
p24_REFFEEDS,CH4EF_Energy,3
p25_ADDITIVE,CH4EF_Energy,3
p26_NONCRUDE,CH4EF_Energy,3
p27_REFINGAS,CH4EF_Energy,1
p28_ETHANE,CH4EF_Energy,3
p29_LPG,CH4EF_Energy,1
p30_NONBIOGASO,CH4EF_Energy,3
p31_AVGAS,CH4EF_Energy,3
p32_JETGAS,CH4EF_Energy,3
p33_NONBIOJETK,CH4EF_Energy,3
p34_OTHKERO,CH4EF_Energy,3
p35_NONBIODIES,CH4EF_Energy,3
p36_RESFUEL,CH4EF_Energy,3
p37_NAPHTHA,CH4EF_Energy,3
p38_WHITESP,CH4EF_Energy,3
p39_LUBRIC,CH4EF_Energy,3
p40_BITUMEN,CH4EF_Energy,3
p41_PARWAX,CH4EF_Energy,3
p42_PETCOKE,CH4EF_Energy,3
p43_ONONSPEC,CH4EF_Energy,3
p44_INDWASTE,CH4EF_Energy,30
p45_MUNWASTER,CH4EF_Energy,30
p46_MUNWASTEN,CH4EF_Energy,30
p47_PRIMSBIO,CH4EF_Energy,30
p48_BIOGASES,CH4EF_Energy,30
p49_BIOGASOL,CH4EF_Energy,30
p50_BIODIESEL,CH4EF_Energy,30
p51_BIOJETKERO,CH4EF_Energy,30
p52_OBIOLIQ,CH4EF_Energy,30
p53_RENEWNS,CH4EF_Energy,30
p54_CHARCOAL,CH4EF_Energy,30
p1_HARDCOAL,N2OEF_Energy,1.4
p2_BROWN,N2OEF_Energy,1.4
p3_ANTCOAL,N2OEF_Energy,1.4
p4_COKCOAL,N2OEF_Energy,1.4
p5_BITCOAL,N2OEF_Energy,1.4
p6_SUBCOAL,N2OEF_Energy,1.4
p7_LIGNITE,N2OEF_Energy,1.4
p8_PATFUEL,N2OEF_Energy,1.4
p9_OVENCOKE,N2OEF_Energy,1.4
p10_GASCOKE,N2OEF_Energy,1.4
p11_COALTAR,N2OEF_Energy,1.4
p12_BKB,N2OEF_Energy,1.4
p13_GASWKSGS,N2OEF_Energy,1.4
p14_COKEOVGS,N2OEF_Energy,1.4
p15_BLFURGS,N2OEF_Energy,1.4
p16_OGASES,N2OEF_Energy,1.4
p17_PEAT,N2OEF_Energy,1.4
p18_PEATPROD,N2OEF_Energy,1.4
p19_OILSHALE,N2OEF_Energy,0.1
p20_NATGAS,N2OEF_Energy,0.1
p21_CRNGFEED,N2OEF_Energy,0.6
p22_CRUDEOIL,N2OEF_Energy,0.6
p23_NGL,N2OEF_Energy,0.6
p24_REFFEEDS,N2OEF_Energy,0.6
p25_ADDITIVE,N2OEF_Energy,0.6
p26_NONCRUDE,N2OEF_Energy,0.6
p27_REFINGAS,N2OEF_Energy,0.1
p28_ETHANE,N2OEF_Energy,0.6
p29_LPG,N2OEF_Energy,0.1
p30_NONBIOGASO,N2OEF_Energy,0.6
p31_AVGAS,N2OEF_Energy,0.6
p32_JETGAS,N2OEF_Energy,0.6
p33_NONBIOJETK,N2OEF_Energy,0.6
p34_OTHKERO,N2OEF_Energy,0.6
p35_NONBIODIES,N2OEF_Energy,0.6
p36_RESFUEL,N2OEF_Energy,0.6
p37_NAPHTHA,N2OEF_Energy,0.6
p38_WHITESP,N2OEF_Energy,0.6
p39_LUBRIC,N2OEF_Energy,0.6
p40_BITUMEN,N2OEF_Energy,0.6
p41_PARWAX,N2OEF_Energy,0.6
p42_PETCOKE,N2OEF_Energy,0.6
p43_ONONSPEC,N2OEF_Energy,0.6
p44_INDWASTE,N2OEF_Energy,4
p45_MUNWASTER,N2OEF_Energy,4
p46_MUNWASTEN,N2OEF_Energy,4
p47_PRIMSBIO,N2OEF_Energy,4
p48_BIOGASES,N2OEF_Energy,4
p49_BIOGASOL,N2OEF_Energy,4
p50_BIODIESEL,N2OEF_Energy,4
p51_BIOJETKERO,N2OEF_Energy,4
p52_OBIOLIQ,N2OEF_Energy,4
p53_RENEWNS,N2OEF_Energy,4
p54_CHARCOAL,N2OEF_Energy,4
p1_HARDCOAL,CH4EF_Industry,10
p2_BROWN,CH4EF_Industry,10
p3_ANTCOAL,CH4EF_Industry,10
p4_COKCOAL,CH4EF_Industry,10
p5_BITCOAL,CH4EF_Industry,10
p6_SUBCOAL,CH4EF_Industry,10
p7_LIGNITE,CH4EF_Industry,10
p8_PATFUEL,CH4EF_Industry,10
p9_OVENCOKE,CH4EF_Industry,10
p10_GASCOKE,CH4EF_Industry,10
p11_COALTAR,CH4EF_Industry,10
p12_BKB,CH4EF_Industry,10
p13_GASWKSGS,CH4EF_Industry,10
p14_COKEOVGS,CH4EF_Industry,10
p15_BLFURGS,CH4EF_Industry,10
p16_OGASES,CH4EF_Industry,10
p17_PEAT,CH4EF_Industry,10
p18_PEATPROD,CH4EF_Industry,10
p19_OILSHALE,CH4EF_Industry,5
p20_NATGAS,CH4EF_Industry,5
p21_CRNGFEED,CH4EF_Industry,2
p22_CRUDEOIL,CH4EF_Industry,2
p23_NGL,CH4EF_Industry,2
p24_REFFEEDS,CH4EF_Industry,2
p25_ADDITIVE,CH4EF_Industry,2
p26_NONCRUDE,CH4EF_Industry,2
p27_REFINGAS,CH4EF_Industry,1
p28_ETHANE,CH4EF_Industry,3
p29_LPG,CH4EF_Industry,1
p30_NONBIOGASO,CH4EF_Industry,2
p31_AVGAS,CH4EF_Industry,2
p32_JETGAS,CH4EF_Industry,2
p33_NONBIOJETK,CH4EF_Industry,2
p34_OTHKERO,CH4EF_Industry,2
p35_NONBIODIES,CH4EF_Industry,2
p36_RESFUEL,CH4EF_Industry,2
p37_NAPHTHA,CH4EF_Industry,3
p38_WHITESP,CH4EF_Industry,3
p39_LUBRIC,CH4EF_Industry,3
p40_BITUMEN,CH4EF_Industry,3
p41_PARWAX,CH4EF_Industry,3
p42_PETCOKE,CH4EF_Industry,3
p43_ONONSPEC,CH4EF_Industry,3
p44_INDWASTE,CH4EF_Industry,30
p45_MUNWASTER,CH4EF_Industry,30
p46_MUNWASTEN,CH4EF_Industry,30
p47_PRIMSBIO,CH4EF_Industry,30
p48_BIOGASES,CH4EF_Industry,30
p49_BIOGASOL,CH4EF_Industry,30
p50_BIODIESEL,CH4EF_Industry,30
p51_BIOJETKERO,CH4EF_Industry,30
p52_OBIOLIQ,CH4EF_Industry,30
p53_RENEWNS,CH4EF_Industry,30
p54_CHARCOAL,CH4EF_Industry,200
p1_HARDCOAL,N2OEF_Industry,1.4
p2_BROWN,N2OEF_Industry,1.4
p3_ANTCOAL,N2OEF_Industry,1.4
p4_COKCOAL,N2OEF_Industry,1.4
p5_BITCOAL,N2OEF_Industry,1.4
p6_SUBCOAL,N2OEF_Industry,1.4
p7_LIGNITE,N2OEF_Industry,1.4
p8_PATFUEL,N2OEF_Industry,1.4
p9_OVENCOKE,N2OEF_Industry,1.4
p10_GASCOKE,N2OEF_Industry,1.4
p11_COALTAR,N2OEF_Industry,1.4
p12_BKB,N2OEF_Industry,1.4
p13_GASWKSGS,N2OEF_Industry,1.4
p14_COKEOVGS,N2OEF_Industry,1.4
p15_BLFURGS,N2OEF_Industry,1.4
p16_OGASES,N2OEF_Industry,1.4
p17_PEAT,N2OEF_Industry,1.4
p18_PEATPROD,N2OEF_Industry,1.4
p19_OILSHALE,N2OEF_Industry,0.1
p20_NATGAS,N2OEF_Industry,0.1
p21_CRNGFEED,N2OEF_Industry,0.6
p22_CRUDEOIL,N2OEF_Industry,0.6
p23_NGL,N2OEF_Industry,0.6
p24_REFFEEDS,N2OEF_Industry,0.6
p25_ADDITIVE,N2OEF_Industry,0.6
p26_NONCRUDE,N2OEF_Industry,0.6
p27_REFINGAS,N2OEF_Industry,0.1
p28_ETHANE,N2OEF_Industry,0.6
p29_LPG,N2OEF_Industry,0.1
p30_NONBIOGASO,N2OEF_Industry,0.6
p31_AVGAS,N2OEF_Industry,0.6
p32_JETGAS,N2OEF_Industry,0.6
p33_NONBIOJETK,N2OEF_Industry,0.6
p34_OTHKERO,N2OEF_Industry,0.6
p35_NONBIODIES,N2OEF_Industry,0.6
p36_RESFUEL,N2OEF_Industry,0.6
p37_NAPHTHA,N2OEF_Industry,0.6
p38_WHITESP,N2OEF_Industry,0.6
p39_LUBRIC,N2OEF_Industry,0.6
p40_BITUMEN,N2OEF_Industry,0.6
p41_PARWAX,N2OEF_Industry,0.6
p42_PETCOKE,N2OEF_Industry,0.6
p43_ONONSPEC,N2OEF_Industry,0.6
p44_INDWASTE,N2OEF_Industry,4
p45_MUNWASTER,N2OEF_Industry,4
p46_MUNWASTEN,N2OEF_Industry,4
p47_PRIMSBIO,N2OEF_Industry,4
p48_BIOGASES,N2OEF_Industry,4
p49_BIOGASOL,N2OEF_Industry,4
p50_BIODIESEL,N2OEF_Industry,4
p51_BIOJETKERO,N2OEF_Industry,4
p52_OBIOLIQ,N2OEF_Industry,4
p53_RENEWNS,N2OEF_Industry,4
p54_CHARCOAL,N2OEF_Industry,4
p1_HARDCOAL,CH4EF_LTRP,10
p2_BROWN,CH4EF_LTRP,10
p3_ANTCOAL,CH4EF_LTRP,10
p4_COKCOAL,CH4EF_LTRP,10
p5_BITCOAL,CH4EF_LTRP,10
p6_SUBCOAL,CH4EF_LTRP,10
p7_LIGNITE,CH4EF_LTRP,10
p8_PATFUEL,CH4EF_LTRP,10
p9_OVENCOKE,CH4EF_LTRP,10
p10_GASCOKE,CH4EF_LTRP,10
p11_COALTAR,CH4EF_LTRP,10
p12_BKB,CH4EF_LTRP,10
p13_GASWKSGS,CH4EF_LTRP,10
p14_COKEOVGS,CH4EF_LTRP,10
p15_BLFURGS,CH4EF_LTRP,10
p16_OGASES,CH4EF_LTRP,10
p17_PEAT,CH4EF_LTRP,10
p18_PEATPROD,CH4EF_LTRP,10
p19_OILSHALE,CH4EF_LTRP,5
p20_NATGAS,CH4EF_LTRP,5
p21_CRNGFEED,CH4EF_LTRP,5
p22_CRUDEOIL,CH4EF_LTRP,5
p23_NGL,CH4EF_LTRP,5
p24_REFFEEDS,CH4EF_LTRP,5
p25_ADDITIVE,CH4EF_LTRP,5
p26_NONCRUDE,CH4EF_LTRP,5
p27_REFINGAS,CH4EF_LTRP,5
p28_ETHANE,CH4EF_LTRP,5
p29_LPG,CH4EF_LTRP,5
p30_NONBIOGASO,CH4EF_LTRP,5
p31_AVGAS,CH4EF_LTRP,5
p32_JETGAS,CH4EF_LTRP,5
p33_NONBIOJETK,CH4EF_LTRP,5
p34_OTHKERO,CH4EF_LTRP,5
p35_NONBIODIES,CH4EF_LTRP,5
p36_RESFUEL,CH4EF_LTRP,5
p37_NAPHTHA,CH4EF_LTRP,5
p38_WHITESP,CH4EF_LTRP,5
p39_LUBRIC,CH4EF_LTRP,5
p40_BITUMEN,CH4EF_LTRP,5
p41_PARWAX,CH4EF_LTRP,5
p42_PETCOKE,CH4EF_LTRP,5
p43_ONONSPEC,CH4EF_LTRP,5
p44_INDWASTE,CH4EF_LTRP,30
p45_MUNWASTER,CH4EF_LTRP,30
p46_MUNWASTEN,CH4EF_LTRP,30
p47_PRIMSBIO,CH4EF_LTRP,30
p48_BIOGASES,CH4EF_LTRP,30
p49_BIOGASOL,CH4EF_LTRP,30
p50_BIODIESEL,CH4EF_LTRP,30
p51_BIOJETKERO,CH4EF_LTRP,30
p52_OBIOLIQ,CH4EF_LTRP,30
p53_RENEWNS,CH4EF_LTRP,30
p54_CHARCOAL,CH4EF_LTRP,200
p1_HARDCOAL,N2OEF_LTRP,1.4
p2_BROWN,N2OEF_LTRP,1.4
p3_ANTCOAL,N2OEF_LTRP,1.4
p4_COKCOAL,N2OEF_LTRP,1.4
p5_BITCOAL,N2OEF_LTRP,1.4
p6_SUBCOAL,N2OEF_LTRP,1.4
p7_LIGNITE,N2OEF_LTRP,1.4
p8_PATFUEL,N2OEF_LTRP,1.4
p9_OVENCOKE,N2OEF_LTRP,1.4
p10_GASCOKE,N2OEF_LTRP,1.4
p11_COALTAR,N2OEF_LTRP,1.4
p12_BKB,N2OEF_LTRP,1.4
p13_GASWKSGS,N2OEF_LTRP,1.4
p14_COKEOVGS,N2OEF_LTRP,1.4
p15_BLFURGS,N2OEF_LTRP,1.4
p16_OGASES,N2OEF_LTRP,1.4
p17_PEAT,N2OEF_LTRP,1.4
p18_PEATPROD,N2OEF_LTRP,1.4
p19_OILSHALE,N2OEF_LTRP,0.1
p20_NATGAS,N2OEF_LTRP,0.1
p21_CRNGFEED,N2OEF_LTRP,0.6
p22_CRUDEOIL,N2OEF_LTRP,0.6
p23_NGL,N2OEF_LTRP,0.6
p24_REFFEEDS,N2OEF_LTRP,0.6
p25_ADDITIVE,N2OEF_LTRP,0.6
p26_NONCRUDE,N2OEF_LTRP,0.6
p27_REFINGAS,N2OEF_LTRP,0.1
p28_ETHANE,N2OEF_LTRP,0.6
p29_LPG,N2OEF_LTRP,0.1
p30_NONBIOGASO,N2OEF_LTRP,0.6
p31_AVGAS,N2OEF_LTRP,0.6
p32_JETGAS,N2OEF_LTRP,0.6
p33_NONBIOJETK,N2OEF_LTRP,0.6
p34_OTHKERO,N2OEF_LTRP,0.6
p35_NONBIODIES,N2OEF_LTRP,0.6
p36_RESFUEL,N2OEF_LTRP,0.6
p37_NAPHTHA,N2OEF_LTRP,0.6
p38_WHITESP,N2OEF_LTRP,0.6
p39_LUBRIC,N2OEF_LTRP,0.6
p40_BITUMEN,N2OEF_LTRP,0.6
p41_PARWAX,N2OEF_LTRP,0.6
p42_PETCOKE,N2OEF_LTRP,0.6
p43_ONONSPEC,N2OEF_LTRP,0.6
p44_INDWASTE,N2OEF_LTRP,4
p45_MUNWASTER,N2OEF_LTRP,4
p46_MUNWASTEN,N2OEF_LTRP,4
p47_PRIMSBIO,N2OEF_LTRP,4
p48_BIOGASES,N2OEF_LTRP,4
p49_BIOGASOL,N2OEF_LTRP,4
p50_BIODIESEL,N2OEF_LTRP,4
p51_BIOJETKERO,N2OEF_LTRP,4
p52_OBIOLIQ,N2OEF_LTRP,4
p53_RENEWNS,N2OEF_LTRP,4
p54_CHARCOAL,N2OEF_LTRP,4
p1_HARDCOAL,CH4EF_ATRP,10
p2_BROWN,CH4EF_ATRP,10
p3_ANTCOAL,CH4EF_ATRP,10
p4_COKCOAL,CH4EF_ATRP,10
p5_BITCOAL,CH4EF_ATRP,10
p6_SUBCOAL,CH4EF_ATRP,10
p7_LIGNITE,CH4EF_ATRP,10
p8_PATFUEL,CH4EF_ATRP,10
p9_OVENCOKE,CH4EF_ATRP,10
p10_GASCOKE,CH4EF_ATRP,10
p11_COALTAR,CH4EF_ATRP,10
p12_BKB,CH4EF_ATRP,10
p13_GASWKSGS,CH4EF_ATRP,10
p14_COKEOVGS,CH4EF_ATRP,10
p15_BLFURGS,CH4EF_ATRP,10
p16_OGASES,CH4EF_ATRP,10
p17_PEAT,CH4EF_ATRP,10
p18_PEATPROD,CH4EF_ATRP,10
p19_OILSHALE,CH4EF_ATRP,5
p20_NATGAS,CH4EF_ATRP,5
p21_CRNGFEED,CH4EF_ATRP,2
p22_CRUDEOIL,CH4EF_ATRP,2
p23_NGL,CH4EF_ATRP,2
p24_REFFEEDS,CH4EF_ATRP,2
p25_ADDITIVE,CH4EF_ATRP,2
p26_NONCRUDE,CH4EF_ATRP,2
p27_REFINGAS,CH4EF_ATRP,1
p28_ETHANE,CH4EF_ATRP,3
p29_LPG,CH4EF_ATRP,1
p30_NONBIOGASO,CH4EF_ATRP,0.5
p31_AVGAS,CH4EF_ATRP,0.5
p32_JETGAS,CH4EF_ATRP,0.5
p33_NONBIOJETK,CH4EF_ATRP,0.5
p34_OTHKERO,CH4EF_ATRP,5
p35_NONBIODIES,CH4EF_ATRP,5
p36_RESFUEL,CH4EF_ATRP,5
p37_NAPHTHA,CH4EF_ATRP,5
p38_WHITESP,CH4EF_ATRP,5
p39_LUBRIC,CH4EF_ATRP,5
p40_BITUMEN,CH4EF_ATRP,5
p41_PARWAX,CH4EF_ATRP,5
p42_PETCOKE,CH4EF_ATRP,5
p43_ONONSPEC,CH4EF_ATRP,5
p44_INDWASTE,CH4EF_ATRP,30
p45_MUNWASTER,CH4EF_ATRP,30
p46_MUNWASTEN,CH4EF_ATRP,30
p47_PRIMSBIO,CH4EF_ATRP,30
p48_BIOGASES,CH4EF_ATRP,30
p49_BIOGASOL,CH4EF_ATRP,30
p50_BIODIESEL,CH4EF_ATRP,30
p51_BIOJETKERO,CH4EF_ATRP,30
p52_OBIOLIQ,CH4EF_ATRP,30
p53_RENEWNS,CH4EF_ATRP,30
p54_CHARCOAL,CH4EF_ATRP,200
p1_HARDCOAL,N2OEF_ATRP,1.4
p2_BROWN,N2OEF_ATRP,1.4
p3_ANTCOAL,N2OEF_ATRP,1.4
p4_COKCOAL,N2OEF_ATRP,1.4
p5_BITCOAL,N2OEF_ATRP,1.4
p6_SUBCOAL,N2OEF_ATRP,1.4
p7_LIGNITE,N2OEF_ATRP,1.4
p8_PATFUEL,N2OEF_ATRP,1.4
p9_OVENCOKE,N2OEF_ATRP,1.4
p10_GASCOKE,N2OEF_ATRP,1.4
p11_COALTAR,N2OEF_ATRP,1.4
p12_BKB,N2OEF_ATRP,1.4
p13_GASWKSGS,N2OEF_ATRP,1.4
p14_COKEOVGS,N2OEF_ATRP,1.4
p15_BLFURGS,N2OEF_ATRP,1.4
p16_OGASES,N2OEF_ATRP,1.4
p17_PEAT,N2OEF_ATRP,1.4
p18_PEATPROD,N2OEF_ATRP,1.4
p19_OILSHALE,N2OEF_ATRP,0.1
p20_NATGAS,N2OEF_ATRP,0.1
p21_CRNGFEED,N2OEF_ATRP,0.6
p22_CRUDEOIL,N2OEF_ATRP,0.6
p23_NGL,N2OEF_ATRP,0.6
p24_REFFEEDS,N2OEF_ATRP,0.6
p25_ADDITIVE,N2OEF_ATRP,0.6
p26_NONCRUDE,N2OEF_ATRP,0.6
p27_REFINGAS,N2OEF_ATRP,0.1
p28_ETHANE,N2OEF_ATRP,0.6
p29_LPG,N2OEF_ATRP,0.1
p30_NONBIOGASO,N2OEF_ATRP,2
p31_AVGAS,N2OEF_ATRP,2
p32_JETGAS,N2OEF_ATRP,2
p33_NONBIOJETK,N2OEF_ATRP,2
p34_OTHKERO,N2OEF_ATRP,0.6
p35_NONBIODIES,N2OEF_ATRP,0.6
p36_RESFUEL,N2OEF_ATRP,0.6
p37_NAPHTHA,N2OEF_ATRP,0.6
p38_WHITESP,N2OEF_ATRP,0.6
p39_LUBRIC,N2OEF_ATRP,0.6
p40_BITUMEN,N2OEF_ATRP,0.6
p41_PARWAX,N2OEF_ATRP,0.6
p42_PETCOKE,N2OEF_ATRP,0.6
p43_ONONSPEC,N2OEF_ATRP,0.6
p44_INDWASTE,N2OEF_ATRP,4
p45_MUNWASTER,N2OEF_ATRP,4
p46_MUNWASTEN,N2OEF_ATRP,4
p47_PRIMSBIO,N2OEF_ATRP,4
p48_BIOGASES,N2OEF_ATRP,4
p49_BIOGASOL,N2OEF_ATRP,4
p50_BIODIESEL,N2OEF_ATRP,4
p51_BIOJETKERO,N2OEF_ATRP,4
p52_OBIOLIQ,N2OEF_ATRP,4
p53_RENEWNS,N2OEF_ATRP,4
p54_CHARCOAL,N2OEF_ATRP,4
p1_HARDCOAL,CH4EF_WTRP,10
p2_BROWN,CH4EF_WTRP,10
p3_ANTCOAL,CH4EF_WTRP,10
p4_COKCOAL,CH4EF_WTRP,10
p5_BITCOAL,CH4EF_WTRP,10
p6_SUBCOAL,CH4EF_WTRP,10
p7_LIGNITE,CH4EF_WTRP,10
p8_PATFUEL,CH4EF_WTRP,10
p9_OVENCOKE,CH4EF_WTRP,10
p10_GASCOKE,CH4EF_WTRP,10
p11_COALTAR,CH4EF_WTRP,10
p12_BKB,CH4EF_WTRP,10
p13_GASWKSGS,CH4EF_WTRP,10
p14_COKEOVGS,CH4EF_WTRP,10
p15_BLFURGS,CH4EF_WTRP,10
p16_OGASES,CH4EF_WTRP,10
p17_PEAT,CH4EF_WTRP,10
p18_PEATPROD,CH4EF_WTRP,10
p19_OILSHALE,CH4EF_WTRP,5
p20_NATGAS,CH4EF_WTRP,5
p21_CRNGFEED,CH4EF_WTRP,5
p22_CRUDEOIL,CH4EF_WTRP,5
p23_NGL,CH4EF_WTRP,5
p24_REFFEEDS,CH4EF_WTRP,5
p25_ADDITIVE,CH4EF_WTRP,5
p26_NONCRUDE,CH4EF_WTRP,5
p27_REFINGAS,CH4EF_WTRP,5
p28_ETHANE,CH4EF_WTRP,5
p29_LPG,CH4EF_WTRP,62
p30_NONBIOGASO,CH4EF_WTRP,5
p31_AVGAS,CH4EF_WTRP,5
p32_JETGAS,CH4EF_WTRP,5
p33_NONBIOJETK,CH4EF_WTRP,5
p34_OTHKERO,CH4EF_WTRP,5
p35_NONBIODIES,CH4EF_WTRP,5
p36_RESFUEL,CH4EF_WTRP,5
p37_NAPHTHA,CH4EF_WTRP,5
p38_WHITESP,CH4EF_WTRP,5
p39_LUBRIC,CH4EF_WTRP,5
p40_BITUMEN,CH4EF_WTRP,5
p41_PARWAX,CH4EF_WTRP,5
p42_PETCOKE,CH4EF_WTRP,5
p43_ONONSPEC,CH4EF_WTRP,5
p44_INDWASTE,CH4EF_WTRP,30
p45_MUNWASTER,CH4EF_WTRP,30
p46_MUNWASTEN,CH4EF_WTRP,30
p47_PRIMSBIO,CH4EF_WTRP,30
p48_BIOGASES,CH4EF_WTRP,30
p49_BIOGASOL,CH4EF_WTRP,30
p50_BIODIESEL,CH4EF_WTRP,30
p51_BIOJETKERO,CH4EF_WTRP,30
p52_OBIOLIQ,CH4EF_WTRP,30
p53_RENEWNS,CH4EF_WTRP,30
p54_CHARCOAL,CH4EF_WTRP,200
p1_HARDCOAL,N2OEF_WTRP,1.4
p2_BROWN,N2OEF_WTRP,1.4
p3_ANTCOAL,N2OEF_WTRP,1.4
p4_COKCOAL,N2OEF_WTRP,1.4
p5_BITCOAL,N2OEF_WTRP,1.4
p6_SUBCOAL,N2OEF_WTRP,1.4
p7_LIGNITE,N2OEF_WTRP,1.4
p8_PATFUEL,N2OEF_WTRP,1.4
p9_OVENCOKE,N2OEF_WTRP,1.4
p10_GASCOKE,N2OEF_WTRP,1.4
p11_COALTAR,N2OEF_WTRP,1.4
p12_BKB,N2OEF_WTRP,1.4
p13_GASWKSGS,N2OEF_WTRP,1.4
p14_COKEOVGS,N2OEF_WTRP,1.4
p15_BLFURGS,N2OEF_WTRP,1.4
p16_OGASES,N2OEF_WTRP,1.4
p17_PEAT,N2OEF_WTRP,1.4
p18_PEATPROD,N2OEF_WTRP,1.4
p19_OILSHALE,N2OEF_WTRP,0.1
p20_NATGAS,N2OEF_WTRP,0.1
p21_CRNGFEED,N2OEF_WTRP,0.6
p22_CRUDEOIL,N2OEF_WTRP,0.6
p23_NGL,N2OEF_WTRP,0.6
p24_REFFEEDS,N2OEF_WTRP,0.6
p25_ADDITIVE,N2OEF_WTRP,0.6
p26_NONCRUDE,N2OEF_WTRP,0.6
p27_REFINGAS,N2OEF_WTRP,0.6
p28_ETHANE,N2OEF_WTRP,0.6
p29_LPG,N2OEF_WTRP,0.2
p30_NONBIOGASO,N2OEF_WTRP,0.6
p31_AVGAS,N2OEF_WTRP,0.6
p32_JETGAS,N2OEF_WTRP,0.6
p33_NONBIOJETK,N2OEF_WTRP,0.6
p34_OTHKERO,N2OEF_WTRP,0.6
p35_NONBIODIES,N2OEF_WTRP,0.6
p36_RESFUEL,N2OEF_WTRP,0.6
p37_NAPHTHA,N2OEF_WTRP,0.6
p38_WHITESP,N2OEF_WTRP,0.6
p39_LUBRIC,N2OEF_WTRP,0.6
p40_BITUMEN,N2OEF_WTRP,0.6
p41_PARWAX,N2OEF_WTRP,0.6
p42_PETCOKE,N2OEF_WTRP,0.6
p43_ONONSPEC,N2OEF_WTRP,0.6
p44_INDWASTE,N2OEF_WTRP,4
p45_MUNWASTER,N2OEF_WTRP,4
p46_MUNWASTEN,N2OEF_WTRP,4
p47_PRIMSBIO,N2OEF_WTRP,4
p48_BIOGASES,N2OEF_WTRP,4
p49_BIOGASOL,N2OEF_WTRP,4
p50_BIODIESEL,N2OEF_WTRP,4
p51_BIOJETKERO,N2OEF_WTRP,4
p52_OBIOLIQ,N2OEF_WTRP,4
p53_RENEWNS,N2OEF_WTRP,4
p54_CHARCOAL,N2OEF_WTRP,4
p1_HARDCOAL,CH4EF_Other,300
p2_BROWN,CH4EF_Other,300
p3_ANTCOAL,CH4EF_Other,300
p4_COKCOAL,CH4EF_Other,300
p5_BITCOAL,CH4EF_Other,300
p6_SUBCOAL,CH4EF_Other,300
p7_LIGNITE,CH4EF_Other,300
p8_PATFUEL,CH4EF_Other,300
p9_OVENCOKE,CH4EF_Other,300
p10_GASCOKE,CH4EF_Other,300
p11_COALTAR,CH4EF_Other,300
p12_BKB,CH4EF_Other,300
p13_GASWKSGS,CH4EF_Other,300
p14_COKEOVGS,CH4EF_Other,300
p15_BLFURGS,CH4EF_Other,300
p16_OGASES,CH4EF_Other,300
p17_PEAT,CH4EF_Other,300
p18_PEATPROD,CH4EF_Other,300
p19_OILSHALE,CH4EF_Other,5
p20_NATGAS,CH4EF_Other,5
p21_CRNGFEED,CH4EF_Other,10
p22_CRUDEOIL,CH4EF_Other,10
p23_NGL,CH4EF_Other,10
p24_REFFEEDS,CH4EF_Other,10
p25_ADDITIVE,CH4EF_Other,10
p26_NONCRUDE,CH4EF_Other,10
p27_REFINGAS,CH4EF_Other,10
p28_ETHANE,CH4EF_Other,10
p29_LPG,CH4EF_Other,5
p30_NONBIOGASO,CH4EF_Other,10
p31_AVGAS,CH4EF_Other,10
p32_JETGAS,CH4EF_Other,10
p33_NONBIOJETK,CH4EF_Other,10
p34_OTHKERO,CH4EF_Other,10
p35_NONBIODIES,CH4EF_Other,10
p36_RESFUEL,CH4EF_Other,10
p37_NAPHTHA,CH4EF_Other,10
p38_WHITESP,CH4EF_Other,10
p39_LUBRIC,CH4EF_Other,10
p40_BITUMEN,CH4EF_Other,10
p41_PARWAX,CH4EF_Other,10
p42_PETCOKE,CH4EF_Other,10
p43_ONONSPEC,CH4EF_Other,10
p44_INDWASTE,CH4EF_Other,300
p45_MUNWASTER,CH4EF_Other,300
p46_MUNWASTEN,CH4EF_Other,300
p47_PRIMSBIO,CH4EF_Other,300
p48_BIOGASES,CH4EF_Other,300
p49_BIOGASOL,CH4EF_Other,300
p50_BIODIESEL,CH4EF_Other,300
p51_BIOJETKERO,CH4EF_Other,300
p52_OBIOLIQ,CH4EF_Other,300
p53_RENEWNS,CH4EF_Other,300
p54_CHARCOAL,CH4EF_Other,200
p1_HARDCOAL,N2OEF_Other,1.4
p2_BROWN,N2OEF_Other,1.4
p3_ANTCOAL,N2OEF_Other,1.4
p4_COKCOAL,N2OEF_Other,1.4
p5_BITCOAL,N2OEF_Other,1.4
p6_SUBCOAL,N2OEF_Other,1.4
p7_LIGNITE,N2OEF_Other,1.4
p8_PATFUEL,N2OEF_Other,1.4
p9_OVENCOKE,N2OEF_Other,1.4
p10_GASCOKE,N2OEF_Other,1.4
p11_COALTAR,N2OEF_Other,1.4
p12_BKB,N2OEF_Other,1.4
p13_GASWKSGS,N2OEF_Other,1.4
p14_COKEOVGS,N2OEF_Other,1.4
p15_BLFURGS,N2OEF_Other,1.4
p16_OGASES,N2OEF_Other,1.4
p17_PEAT,N2OEF_Other,1.4
p18_PEATPROD,N2OEF_Other,1.4
p19_OILSHALE,N2OEF_Other,0.1
p20_NATGAS,N2OEF_Other,0.1
p21_CRNGFEED,N2OEF_Other,0.6
p22_CRUDEOIL,N2OEF_Other,0.6
p23_NGL,N2OEF_Other,0.6
p24_REFFEEDS,N2OEF_Other,0.6
p25_ADDITIVE,N2OEF_Other,0.6
p26_NONCRUDE,N2OEF_Other,0.6
p27_REFINGAS,N2OEF_Other,0.6
p28_ETHANE,N2OEF_Other,0.6
p29_LPG,N2OEF_Other,0.6
p30_NONBIOGASO,N2OEF_Other,0.6
p31_AVGAS,N2OEF_Other,0.6
p32_JETGAS,N2OEF_Other,0.6
p33_NONBIOJETK,N2OEF_Other,0.6
p34_OTHKERO,N2OEF_Other,0.6
p35_NONBIODIES,N2OEF_Other,0.6
p36_RESFUEL,N2OEF_Other,0.6
p37_NAPHTHA,N2OEF_Other,0.6
p38_WHITESP,N2OEF_Other,0.6
p39_LUBRIC,N2OEF_Other,0.6
p40_BITUMEN,N2OEF_Other,0.6
p41_PARWAX,N2OEF_Other,0.6
p42_PETCOKE,N2OEF_Other,0.6
p43_ONONSPEC,N2OEF_Other,0.6
p44_INDWASTE,N2OEF_Other,4
p45_MUNWASTER,N2OEF_Other,4
p46_MUNWASTEN,N2OEF_Other,4
p47_PRIMSBIO,N2OEF_Other,4
p48_BIOGASES,N2OEF_Other,4
p49_BIOGASOL,N2OEF_Other,4
p50_BIODIESEL,N2OEF_Other,4
p51_BIOJETKERO,N2OEF_Other,4
p52_OBIOLIQ,N2OEF_Other,4
p53_RENEWNS,N2OEF_Other,4
p54_CHARCOAL,N2OEF_Other,1
