Region,ipcc_code_2006_for_standard_report,ipcc_code_2006_for_standard_report_name,CO2,CH4,N2O,F-gas,CO2bio,Calculated_Total_GHG,Official_AR5_Total,Difference
01_KOR,1.A.1.a,Main Activity Electricity and Heat Production,324160.3588,236.393803072,3784.30871731,0.0,7961.757745,328181.061320382,328181.06127370003,-4.6681961975991726e-05
01_KOR,1.A.1.bc,Petroleum Refining - Manufacture of Solid Fuels and Other Energy Industries,46727.37241,14.523634607999998,16.193799935,0.0,0.0,46758.089844543,46758.08985,5.456997314468026e-06
01_KOR,1.A.2,Manufacturing Industries and Construction,71069.32382,179.121615988,238.596419455,0.0,2615.133726,71487.041855443,71487.0418591,3.6569981602951884e-06
01_KOR,1.A.3.a,Civil Aviation,3306.462067,0.64741684,24.5093518,0.0,0.0,3331.61883564,3331.618836,3.6000028558191843e-07
01_KOR,1.A.3.b_noRES,Road Transportation no resuspension,101190.5285,218.826164676,1547.747336555,0.0,1901.065569,102957.10200123099,102957.10204329,4.2059007682837546e-05
01_KOR,1.A.3.c,Railways,281.1457672,0.440886488,28.748715005,0.0,0.0,310.335368693,310.3353686,-9.300003966927761e-08
01_KOR,1.A.3.d,Water-borne Navigation,1212.479703,3.160673096,8.54671799,0.0,0.0,1224.187094086,1224.187094,-8.600000001024455e-08
01_KOR,1.A.3.e,Other Transportation,4.19799816,0.004737992,0.008968342,0.0,0.0,4.211704494,4.211704478,-1.6000000435667516e-08
01_KOR,1.A.4,Residential and other sectors,50253.59482,406.569925608,148.435689405,0.0,1870.105014,50808.600435012995,50808.6004408,5.78700564801693e-06
01_KOR,1.A.5,Non-Specified,3607.142084,13.742498364,7.753588095,0.0,0.0,3628.638170459,3628.63817,-4.5899969336460344e-07
01_KOR,1.B.1,Solid Fuels,1692.572578,1111.7918854,0.0,0.0,0.0,2804.3644634,2883.778169,79.41370559999996
01_KOR,1.B.2,Oil and Natural Gas,1425.348734,2305.69671444,0.0055279,0.0,1901.062609,3731.0509763399996,3895.7435982,164.6926218600006
01_KOR,2.A.1,Cement production,18903.54202,0.0,0.0,0.0,0.0,18903.54202,18903.54202,0.0
01_KOR,2.A.2,Lime production,3900.0,0.0,0.0,0.0,0.0,3900.0,3900.0,0.0
01_KOR,2.A.3,Glass Production,2.54620531,0.0,0.0,0.0,0.0,2.54620531,2.54620531,0.0
01_KOR,2.A.4,Other Process Uses of Carbonates,423.3123168,0.0,0.0,0.0,0.0,423.3123168,423.3123168,0.0
01_KOR,2.B,Chemical Industry,17112.87048,143.830713628,1238.9705325,0.0,0.0,18495.671726128003,18495.67173,3.8719954318366945e-06
01_KOR,2.C,Metal Industry,7090.945131,113.074164,0.0,89.4671555,0.0,7293.4864505000005,7293.486458,7.499999810534064e-06
01_KOR,2.D,Non-Energy Products from Fuels and Solvent Use,867.9650912,0.0,0.0,0.0,0.0,867.9650912,867.9650912,0.0
01_KOR,2.E,Electronics Industry,0.0,0.0,0.0,2716.1180213593,0.0,2716.1180213593,2715.970362,-0.14765935930017804
01_KOR,2.F,Product Uses as Substitutes for Ozone Depleting Substances,0.0,0.0,0.0,9192.38295793,0.0,9192.38295793,9192.382957,-9.300001693191007e-07
01_KOR,2.G,Other Product Manufacture and Use,0.0,0.0,0.10883921,6024.4987303,0.0,6024.60756951,6024.607577,7.48999991628807e-06
01_KOR,3.A.1,Enteric Fermentation,0.0,10189.7648524,0.0,0.0,0.0,10189.7648524,10189.76485,-2.4000000848900527e-06
01_KOR,3.A.2,Manure Management,0.0,2326.59136444,1229.7031947100002,0.0,0.0,3556.29455915,3556.294559,-1.5000023267930374e-07
01_KOR,3.C.1,Emissions from biomass burning,0.0,2.986897844,0.7328961900000001,0.0,59.85648437,3.719794034,3.719794061,2.7000000013543968e-08
01_KOR,3.C.2,Liming,44.41904762,0.0,0.0,0.0,0.0,44.41904762,44.41904762,0.0
01_KOR,3.C.3,Urea application,109.2142659,0.0,0.0,0.0,0.0,109.2142659,109.2142659,0.0
01_KOR,3.C.4,Direct N2O Emissions from managed soils,0.0,0.0,2687.626343,0.0,0.0,2687.626343,2687.626342,-9.99999883788405e-07
01_KOR,3.C.5,Indirect N2O Emissions from managed soils,0.0,0.0,677.504508555,0.0,0.0,677.504508555,677.5045086,4.4999978854320943e-08
01_KOR,3.C.6,Indirect N2O Emissions from manure management,0.0,0.0,60.327144,0.0,0.0,60.327144,60.3271441,1.0000000116860974e-07
01_KOR,3.C.7,Rice cultivations,0.0,8193.5628096,0.0,0.0,0.0,8193.5628096,8193.562809,-6.000009307172149e-07
01_KOR,4.A,Solid Waste Disposal,0.0,5692.5241856,0.0,0.0,0.0,5692.5241856,5692.524185,-6.000000212225132e-07
01_KOR,4.B,Biological Treatment of Solid Waste,0.0,268.337196876,190.471492485,0.0,0.0,458.808689361,458.8086893,-6.099998017816688e-08
01_KOR,4.C,Incineration and Open Burning of Waste,1604.744598,65.51337853199999,98.870120675,0.0,8.976953755,1769.1280972069999,1769.128097583,3.760001163755078e-07
01_KOR,4.D,Wastewater Treatment and Discharge,0.0,9968.62335,920.50927562,0.0,0.0,10889.132625619999,10889.13263,4.380000973469578e-06
01_KOR,4.E,Other,0.0,241.959840276,0.0,0.0,0.0,241.959840276,241.9598403,2.4000001985768904e-08
01_KOR,5.A,Indirect N2O emissions from the atmospheric deposition of nitrogen in NOx and NH3,0.0,0.0,1205.69173604,0.0,0.0,1205.69173604,1205.691736,-4.000003173132427e-08
02_CHN,1.A.1.a,Main Activity Electricity and Heat Production,5268367.98881,2772.9762331320003,49432.34171734,0.0,159952.2182223,5320573.306760472,5320573.306887541,0.00012706872075796127
02_CHN,1.A.1.bc,Petroleum Refining - Manufacture of Solid Fuels and Other Energy Industries,347640.73687140003,240.48911804399995,752.251410255,0.0,0.0,348633.477399699,348633.4773237,-7.599900709465146e-05
02_CHN,1.A.2,Manufacturing Industries and Construction,2763580.515165,4374.314298676,6408.837796579999,0.0,104044.5952,2774363.667260256,2774363.6671172,-0.00014305626973509789
02_CHN,1.A.3.a,Civil Aviation,81646.50278615,15.9867278228,605.2118389,0.0,0.0,82267.7013528728,82267.70135587,2.997199771925807e-06
02_CHN,1.A.3.b_noRES,Road Transportation no resuspension,779100.042917,5071.575145504001,19366.52587315,0.0,7087.747474240001,803538.143935654,803538.143961258,2.5604036636650562e-05
02_CHN,1.A.3.c,Railways,8456.157131,13.260532516,864.901685425,0.0,0.0,9334.319348941,9334.319349,5.8998921304009855e-08
02_CHN,1.A.3.d,Water-borne Navigation,76740.28156,199.533109328,539.55381604,0.0,0.0,77479.368485368,77479.36849,4.631991032510996e-06
02_CHN,1.A.3.e,Other Transportation,6617.401099,6.814104332,12.388495865,0.0,0.0,6636.6036991969995,6636.603699,-1.9699928088812158e-07
02_CHN,1.A.4,Residential and other sectors,563535.6659489999,40721.55116246,9004.476035515001,0.0,302187.9891128,613261.6931469749,613261.693151581,4.606088623404503e-06
02_CHN,1.A.5,Non-Specified,62496.3372,5134.315797912,739.984474925,0.0,1686.894634,68370.637472837,68370.63747978,6.942995241843164e-06
02_CHN,1.B.1,Solid Fuels,328367.9997,548636.2966,0.0,0.0,0.0,877004.2963,916192.6031,39188.306799999904
02_CHN,1.B.2,Oil and Natural Gas,9500.7471507,24723.0611166,18.919974185,0.0,8281.67674888,34242.728241485005,36008.6611772,1765.9329357149982
02_CHN,2.A.1,Cement production,789277.187688,0.0,0.0,0.0,0.0,789277.187688,789277.187688,0.0
02_CHN,2.A.2,Lime production,232500.0,0.0,0.0,0.0,0.0,232500.0,232500.0,0.0
02_CHN,2.A.3,Glass Production,1394.139605415,0.0,0.0,0.0,0.0,1394.139605415,1394.139605415,0.0
02_CHN,2.A.4,Other Process Uses of Carbonates,34588.970894113,0.0,0.0,0.0,0.0,34588.970894113,34588.970894113,0.0
02_CHN,2.B,Chemical Industry,200272.6239,3984.6711128,10096.1563851,114498.3413255,0.0,328851.7927234,310899.7927,-17952.000023400004
02_CHN,2.C,Metal Industry,231379.8928,2927.2712,0.0,18844.39232399,0.0,253151.55632399,253151.5563,-2.3989996407181025e-05
02_CHN,2.D,Non-Energy Products from Fuels and Solvent Use,22244.4696105,0.0,0.0,0.0,0.0,22244.4696105,22244.4696105,0.0
02_CHN,2.E,Electronics Industry,0.0,0.0,0.0,10182.40219677,0.0,10182.40219677,10170.11725,-12.284946769999806
02_CHN,2.F,Product Uses as Substitutes for Ozone Depleting Substances,0.0,0.0,0.0,178648.115079156,0.0,178648.115079156,178648.1151,2.0843988750129938e-05
02_CHN,2.G,Other Product Manufacture and Use,0.0,0.0,113.99556145,94864.0166745,0.0,94978.01223595001,94978.01222379999,-1.2150019756518304e-05
02_CHN,3.A.1,Enteric Fermentation,0.0,195070.39916,0.0,0.0,0.0,195070.39916,195070.399168,8.000002708286047e-06
02_CHN,3.A.2,Manure Management,0.0,30979.902621919995,19919.691734045,0.0,0.0,50899.594355965,50899.59434663,-9.334995411336422e-06
02_CHN,3.C.1,Emissions from biomass burning,0.0,10623.31891713848,2606.647697152856,0.0,212887.93860837,13229.966614291336,13229.9666102363,-4.055034878547303e-06
02_CHN,3.C.2,Liming,3787.142857,0.0,0.0,0.0,0.0,3787.142857,3787.142857,0.0
02_CHN,3.C.3,Urea application,13344.72615,0.0,0.0,0.0,0.0,13344.72615,13344.72615,0.0
02_CHN,3.C.4,Direct N2O Emissions from managed soils,0.0,0.0,167116.324572705,0.0,0.0,167116.324572705,167116.32460209398,2.938898978754878e-05
02_CHN,3.C.5,Indirect N2O Emissions from managed soils,0.0,0.0,42418.67548783501,0.0,0.0,42418.67548783501,42418.675472303,-1.5532008546870202e-05
02_CHN,3.C.6,Indirect N2O Emissions from manure management,0.0,0.0,2060.70462714,0.0,0.0,2060.70462714,2060.704626957,-1.8299988369108178e-07
02_CHN,3.C.7,Rice cultivations,0.0,228900.054796,0.0,0.0,0.0,228900.054796,228900.0548,4.0000013541430235e-06
02_CHN,4.A,Solid Waste Disposal,0.0,151001.33328,0.0,0.0,0.0,151001.33328,151001.33328,0.0
02_CHN,4.B,Biological Treatment of Solid Waste,0.0,258.803941536,183.704583395,0.0,0.0,442.508524931,442.5085251,1.6899997490327223e-07
02_CHN,4.C,Incineration and Open Burning of Waste,3346.86907907,2891.31314248,251.644617715,0.0,196.780492817,6489.826839265,6489.826840103,8.380002327612601e-07
02_CHN,4.D,Wastewater Treatment and Discharge,0.0,147232.80530168,28968.376493405,0.0,0.0,176201.181795085,176201.1817648,-3.0284980311989784e-05
02_CHN,4.E,Other,0.0,9104.898656,0.0,0.0,0.0,9104.898656,9104.898656000001,1.8189894035458565e-12
02_CHN,5.A,Indirect N2O emissions from the atmospheric deposition of nitrogen in NOx and NH3,0.0,0.0,26030.881335055,0.0,0.0,26030.881335055,26030.8813319,-3.155000740662217e-06
02_CHN,5.B,Fossil fuel fires,28380.0,2520.0,119.25,0.0,0.0,31019.25,31199.25,180.0
03_JPN,1.A.1.a,Main Activity Electricity and Heat Production,494369.7243,641.840540656,2587.07350545,0.0,22458.28851,497598.638346106,497598.6383692,2.309400588274002e-05
03_JPN,1.A.1.bc,Petroleum Refining - Manufacture of Solid Fuels and Other Energy Industries,38469.47937,16.045510319999998,27.51713572,0.0,0.0,38513.04201604,38513.04202,3.959998139180243e-06
03_JPN,1.A.2,Manufacturing Industries and Construction,185293.8747,348.29036634,488.22423294,0.0,20365.33968,186130.38929927998,186130.3893067,7.420021574944258e-06
03_JPN,1.A.3.a,Civil Aviation,10553.24321,2.066396752,78.227877305,0.0,0.0,10633.537484057,10633.53748,-4.056999387103133e-06
03_JPN,1.A.3.b_noRES,Road Transportation no resuspension,179810.3501,510.190598904,1819.781841585,0.0,1264.744197,182140.32254048903,182140.322563133,2.2643973352387547e-05
03_JPN,1.A.3.c,Railways,497.748786,0.777112364,50.565179735,0.0,0.0,549.091078099,549.0910781,9.999894245993346e-10
03_JPN,1.A.3.d,Water-borne Navigation,9945.811423,25.536717024,69.053367425,0.0,0.0,10040.401507449,10040.40151,2.550999852246605e-06
03_JPN,1.A.3.e,Other Transportation,0.0,0.0,0.0,0.0,0.0,0.0,0.0,0.0
03_JPN,1.A.4,Residential and other sectors,122304.2808,968.20351796,1033.960447305,0.0,5836.048269,124306.444765265,124306.4447786,1.3334996765479445e-05
03_JPN,1.A.5,Non-Specified,2550.337004,153.13345236,19.32398338,0.0,39.56484,2722.7944397399997,2722.7944388640003,-8.75999376148684e-07
03_JPN,1.B.1,Solid Fuels,11395.10576,2025.20326456,0.2042670349999999,0.0,32.2338308,13420.513291595,13565.17067231,144.65738071499982
03_JPN,1.B.2,Oil and Natural Gas,737.7922119,1622.51961872,0.0295994399999999,0.0,37.62173016,2360.3414300599998,2476.2356889,115.89425884000002
03_JPN,2.A.1,Cement production,25632.36,0.0,0.0,0.0,0.0,25632.36,25632.36,0.0
03_JPN,2.A.2,Lime production,5490.75,0.0,0.0,0.0,0.0,5490.75,5490.75,0.0
03_JPN,2.A.3,Glass Production,443.9151157,0.0,0.0,0.0,0.0,443.9151157,443.9151157,0.0
03_JPN,2.A.4,Other Process Uses of Carbonates,1102.13468,0.0,0.0,0.0,0.0,1102.13468,1102.13468,0.0
03_JPN,2.B,Chemical Industry,14165.6179,130.891651912,889.29682143,72.7355,0.0,15258.541873342,15256.38187,-2.160003341999982
03_JPN,2.C,Metal Industry,13479.54827,180.3724804,0.0,317.66897018,0.0,13977.58972058,13977.58972,-5.799993232358247e-07
03_JPN,2.D,Non-Energy Products from Fuels and Solvent Use,3178.530531,0.0,0.0,0.0,0.0,3178.530531,3178.530531,0.0
03_JPN,2.E,Electronics Industry,0.0,0.0,0.0,3068.00873411,0.0,3068.00873411,3049.459437,-18.549297110000225
03_JPN,2.F,Product Uses as Substitutes for Ozone Depleting Substances,0.0,0.0,0.0,16061.94950549,0.0,16061.94950549,16060.72458,-1.224925489999805
03_JPN,2.G,Other Product Manufacture and Use,0.0,0.0,161.385530795,2396.5091205,0.0,2557.8946512949997,2557.894655,3.705000381160062e-06
03_JPN,3.A.1,Enteric Fermentation,0.0,20763.603868,0.0,0.0,0.0,20763.603868,20763.60387,2.0000006770715117e-06
03_JPN,3.A.2,Manure Management,0.0,4940.099178,1208.49230374,0.0,0.0,6148.591481740001,6148.591482,2.5999906938523054e-07
03_JPN,3.C.1,Emissions from biomass burning,0.0,30.353072036,7.447744439999999,0.0,608.2659279,37.800816476,37.80081658,1.0400000149957123e-07
03_JPN,3.C.2,Liming,453.5142858,0.0,0.0,0.0,0.0,453.5142858,453.5142858,0.0
03_JPN,3.C.3,Urea application,164.5285415,0.0,0.0,0.0,0.0,164.5285415,164.5285415,0.0
03_JPN,3.C.4,Direct N2O Emissions from managed soils,0.0,0.0,3093.85627245,0.0,0.0,3093.85627245,3093.856272,-4.4999978854320943e-07
03_JPN,3.C.5,Indirect N2O Emissions from managed soils,0.0,0.0,1081.492155875,0.0,0.0,1081.492155875,1081.492156,1.2500004231696948e-07
03_JPN,3.C.6,Indirect N2O Emissions from manure management,0.0,0.0,78.23876854,0.0,0.0,78.23876854,78.23876865,1.1000000199601345e-07
03_JPN,3.C.7,Rice cultivations,0.0,12818.6223452,0.0,0.0,0.0,12818.6223452,12818.62234,-5.199999577598646e-06
03_JPN,4.A,Solid Waste Disposal,0.0,2024.58451048,0.0,0.0,0.0,2024.58451048,2024.58451,-4.800001534022158e-07
03_JPN,4.B,Biological Treatment of Solid Waste,0.0,92.203026468,94.076251065,0.0,0.0,186.279277533,186.2792776,6.700000199089118e-08
03_JPN,4.C,Incineration and Open Burning of Waste,3774.318789,9.68106804,411.09218231000006,0.0,4939.230453,4195.09203935,4195.0920391,-2.5000008463393897e-07
03_JPN,4.D,Wastewater Treatment and Discharge,0.0,3517.19011,1947.75067363,0.0,0.0,5464.94078363,5464.940785,1.3700000636163168e-06
03_JPN,4.E,Other,0.0,931.49356832,0.0,0.0,0.0,931.49356832,931.4935683,-2.0000015865662135e-08
03_JPN,5.A,Indirect N2O emissions from the atmospheric deposition of nitrogen in NOx and NH3,0.0,0.0,2272.387933855,0.0,0.0,2272.387933855,2272.387934,1.4499983080895618e-07
04_RUS,1.A.1.a,Main Activity Electricity and Heat Production,787997.575,643.1038896800001,1789.60178049,0.0,2360.264,790430.28067017,790430.280716,4.583003465086222e-05
04_RUS,1.A.1.bc,Petroleum Refining - Manufacture of Solid Fuels and Other Energy Industries,35457.57817,50.8376344,29.60082542,0.0,0.0,35538.01662982,35538.01663,1.7999991541728377e-07
04_RUS,1.A.2,Manufacturing Industries and Construction,275255.3968,458.96276328,611.6059526149999,0.0,923.944584,276325.965515895,276325.96542587003,-9.002495789900422e-05
04_RUS,1.A.3.a,Civil Aviation,17527.73,3.432016,129.92632,0.0,0.0,17661.088335999997,17661.08834,4.0000013541430235e-06
04_RUS,1.A.3.b_noRES,Road Transportation no resuspension,153124.678,803.1847667200001,1543.357234725,0.0,0.0,155471.220001445,155471.22,-1.4450051821768284e-06
04_RUS,1.A.3.c,Railways,12285.92226,19.27590672,1247.85600635,0.0,0.0,13553.054173069999,13553.05417,-3.0699993658345193e-06
04_RUS,1.A.3.d,Water-borne Navigation,1924.344066,5.03246856,13.6082058,0.0,0.0,1942.9847403600002,1942.98474,-3.60000058208243e-07
04_RUS,1.A.3.e,Other Transportation,77621.59503,42.17752924,45.910940215,0.0,0.0,77709.683499455,77709.68349,-9.455005056224763e-06
04_RUS,1.A.4,Residential and other sectors,224753.09,1930.36569572,1095.80944682,0.0,8837.0872,227779.26514253998,227779.26522,7.746001938357949e-05
04_RUS,1.A.5,Non-Specified,5605.977604,8.80296522,572.8522595999999,0.0,0.0,6187.63282882,6187.632829,1.7999991541728377e-07
04_RUS,1.B.1,Solid Fuels,46402.25269,103666.537744,2.2814274,0.0,272.4444,150071.0718614,157475.8245274,7404.752665999986
04_RUS,1.B.2,Oil and Natural Gas,101461.0169,145297.543524,187.030298415,0.0,0.0,246945.590722415,257323.9867,10378.395977584994
04_RUS,2.A.1,Cement production,19992.12812,0.0,0.0,0.0,0.0,19992.12812,19992.12812,0.0
04_RUS,2.A.2,Lime production,8682.75,0.0,0.0,0.0,0.0,8682.75,8682.75,0.0
04_RUS,2.A.3,Glass Production,1781.875341,0.0,0.0,0.0,0.0,1781.875341,1781.875341,0.0
04_RUS,2.A.4,Other Process Uses of Carbonates,5233.784215,0.0,0.0,0.0,0.0,5233.784215,5233.784215,0.0
04_RUS,2.B,Chemical Industry,49985.559,352.11135484,17674.378355700002,16107.481067050001,0.0,84119.52977759001,81579.96805,-2539.561727590015
04_RUS,2.C,Metal Industry,17492.28251,165.7480916,0.0,4289.1194949,0.0,21947.1500965,21947.15009,-6.500002200482413e-06
04_RUS,2.D,Non-Energy Products from Fuels and Solvent Use,9421.547868,0.0,0.0,0.0,0.0,9421.547868,9421.547868,0.0
04_RUS,2.E,Electronics Industry,0.0,0.0,0.0,22.8329622038,0.0,22.8329622038,22.80703876,-0.0259234438
04_RUS,2.F,Product Uses as Substitutes for Ozone Depleting Substances,0.0,0.0,0.0,19631.516811564998,0.0,19631.516811564998,19571.12408,-60.39273156499621
04_RUS,2.G,Other Product Manufacture and Use,0.0,0.0,492.53233264,11442.3959247,0.0,11934.92825734,11934.92826,2.6600009732646868e-06
04_RUS,3.A.1,Enteric Fermentation,0.0,49952.528108,0.0,0.0,0.0,49952.528108,49952.52809,-1.799999881768599e-05
04_RUS,3.A.2,Manure Management,0.0,10699.5261828,2899.8264127,0.0,0.0,13599.3525955,13599.35259,-5.500000042957254e-06
04_RUS,3.C.1,Emissions from biomass burning,0.0,1199.87608076,294.414038315,0.0,24045.13575,1494.290119075,1494.290119,-7.499988896597642e-08
04_RUS,3.C.2,Liming,5551.961905,0.0,0.0,0.0,0.0,5551.961905,5551.961905,0.0
04_RUS,3.C.3,Urea application,442.9856337,0.0,0.0,0.0,0.0,442.9856337,442.9856337,0.0
04_RUS,3.C.4,Direct N2O Emissions from managed soils,0.0,0.0,34019.1395475,0.0,0.0,34019.1395475,34019.13955,2.4999972083605826e-06
04_RUS,3.C.5,Indirect N2O Emissions from managed soils,0.0,0.0,6109.3290959,0.0,0.0,6109.3290959,6109.329096,1.00000761449337e-07
04_RUS,3.C.6,Indirect N2O Emissions from manure management,0.0,0.0,539.035544145,0.0,0.0,539.035544145,539.0355442,5.499998678715201e-08
04_RUS,3.C.7,Rice cultivations,0.0,917.8339212,0.0,0.0,0.0,917.8339212,917.8339212,0.0
04_RUS,4.A,Solid Waste Disposal,0.0,62097.757988,0.0,0.0,0.0,62097.757988,62097.75798,-7.999995432328433e-06
04_RUS,4.B,Biological Treatment of Solid Waste,0.0,58.032052400000005,41.19239447,0.0,0.0,99.22444687000001,99.22444674,-1.3000000365082087e-07
04_RUS,4.C,Incineration and Open Burning of Waste,0.0,3.05140836,0.222149235,0.0,9.221289011,3.2735575949999998,3.273557599,4.000000330961484e-09
04_RUS,4.D,Wastewater Treatment and Discharge,0.0,27834.7045396,2693.15542755,0.0,0.0,30527.859967149998,30527.85997,2.850003511412069e-06
04_RUS,4.E,Other,0.0,862.99938256,0.0,0.0,0.0,862.99938256,862.9993825,-5.999993391014868e-08
04_RUS,5.A,Indirect N2O emissions from the atmospheric deposition of nitrogen in NOx and NH3,0.0,0.0,5241.665616249999,0.0,0.0,5241.665616249999,5241.665616,-2.499991751392372e-07
05_MNG,1.A.1.a,Main Activity Electricity and Heat Production,13618.87083,4.103792308,586.22050313,0.0,0.0,14209.195125438,14209.19513,4.561999958241358e-06
05_MNG,1.A.1.bc,Petroleum Refining - Manufacture of Solid Fuels and Other Energy Industries,13.23786,0.0083482,0.007900975,0.0,0.0,13.254109175,13.25410918,5.000000413701855e-09
05_MNG,1.A.2,Manufacturing Industries and Construction,2492.793506,4.127894008,6.586281645,0.0,0.0,2503.507681653,2503.507682,3.469999683147762e-07
05_MNG,1.A.3.a,Civil Aviation,10.82653,0.00211988,0.0802526,0.0,0.0,10.90890248,10.90890248,0.0
05_MNG,1.A.3.b_noRES,Road Transportation no resuspension,1854.486906,8.807579368,8.3434561,0.0,0.0,1871.637941468,1871.637941,-4.6800005293334834e-07
05_MNG,1.A.3.c,Railways,848.940112,1.233269044,79.36456035500001,0.0,0.0,929.537941399,929.5379414,9.999894245993346e-10
05_MNG,1.A.3.d,Water-borne Navigation,0.0,0.0,0.0,0.0,0.0,0.0,0.0,0.0
05_MNG,1.A.3.e,Other Transportation,10.322752,0.0305536,0.0433752,0.0,0.0,10.396680799999999,10.3966808,1.7763568394002505e-15
05_MNG,1.A.4,Residential and other sectors,1469.692467,114.35893198800002,34.69525008,0.0,147.68652,1618.7466490680001,1618.7466490499999,-1.800026439013891e-08
05_MNG,1.A.5,Non-Specified,2340.447348,203.145936,9.83571615,0.0,33.594,2553.42900015,2553.4290004000004,2.5000053938128985e-07
05_MNG,1.B.1,Solid Fuels,422.055991,18140.4473824,0.5979147300000001,0.0,154.71748,18563.10128813,19858.847524729998,1295.7462365999963
05_MNG,1.B.2,Oil and Natural Gas,1776.865976,97.610496172,0.004356017,0.0,0.0,1874.480828189,1881.453007,6.972178811000049
05_MNG,2.A.1,Cement production,409.9158514,0.0,0.0,0.0,0.0,409.9158514,409.9158514,0.0
05_MNG,2.A.2,Lime production,45.0,0.0,0.0,0.0,0.0,45.0,45.0,0.0
05_MNG,2.A.3,Glass Production,0.153900903,0.0,0.0,0.0,0.0,0.153900903,0.153900903,0.0
05_MNG,2.A.4,Other Process Uses of Carbonates,0.240949,0.0,0.0,0.0,0.0,0.240949,0.240949,0.0
05_MNG,2.C,Metal Industry,0.0,0.0,0.0,0.0,0.0,0.0,0.0,0.0
05_MNG,2.D,Non-Energy Products from Fuels and Solvent Use,20.80863939,0.0,0.0,0.0,0.0,20.80863939,20.80863939,0.0
05_MNG,2.G,Other Product Manufacture and Use,0.0,0.0,0.2528367649999999,0.0,0.0,0.2528367649999999,0.252836716,-4.8999999890941837e-08
05_MNG,3.A.1,Enteric Fermentation,0.0,17609.441572800002,0.0,0.0,0.0,17609.441572800002,17609.44157,-2.8000031306874007e-06
05_MNG,3.A.2,Manure Management,0.0,728.7146146,546.113122275,0.0,0.0,1274.827736875,1274.827737,1.2500004231696948e-07
05_MNG,3.C.1,Emissions from biomass burning,0.0,5.263624996,1.291537655,0.0,105.4813738,6.555162651,6.5551626,-5.099999977886682e-08
05_MNG,3.C.4,Direct N2O Emissions from managed soils,0.0,0.0,9963.985560149998,0.0,0.0,9963.985560149998,9963.985559,-1.1499978427309543e-06
05_MNG,3.C.5,Indirect N2O Emissions from managed soils,0.0,0.0,540.096379955,0.0,0.0,540.096379955,540.0963799,-5.499998678715201e-08
05_MNG,3.C.6,Indirect N2O Emissions from manure management,0.0,0.0,81.303851555,0.0,0.0,81.303851555,81.30385169,1.350000076172364e-07
05_MNG,4.A,Solid Waste Disposal,0.0,303.80783327999995,0.0,0.0,0.0,303.80783327999995,303.8078332,-7.999994977581082e-08
05_MNG,4.C,Incineration and Open Burning of Waste,0.869438106,0.754376784,0.06561020255,0.0,0.061035398,1.68942509255,1.689425168,7.545000002551205e-08
05_MNG,4.D,Wastewater Treatment and Discharge,0.0,147.430316544,63.65504262,0.0,0.0,211.085359164,211.0853591,-6.400000529538374e-08
05_MNG,4.E,Other,0.0,35.43855952,0.0,0.0,0.0,35.43855952,35.43855952,0.0
05_MNG,5.A,Indirect N2O emissions from the atmospheric deposition of nitrogen in NOx and NH3,0.0,0.0,130.872929415,0.0,0.0,130.872929415,130.8729294,-1.499998347753717e-08
06_PRK,1.A.1.a,Main Activity Electricity and Heat Production,15874.37812,3.538387048,58.68869352,0.0,0.0,15936.605200568,15936.6052,-5.679994501406327e-07
06_PRK,1.A.1.bc,Petroleum Refining - Manufacture of Solid Fuels and Other Energy Industries,43.5761226,0.0126112,0.089516735,0.0,0.0,43.678250535,43.67825063,9.500000430762157e-08
06_PRK,1.A.2,Manufacturing Industries and Construction,36210.78198,103.17019916,146.53989027,0.0,0.0,36460.49206943,36460.49207,5.699985194951296e-07
06_PRK,1.A.3.b_noRES,Road Transportation no resuspension,1076.0116,5.819823856,10.51868422,0.0,0.0,1092.3501080760002,1092.350108,-7.60001057642512e-08
06_PRK,1.A.3.e,Other Transportation,4322.427121,8.978687228,17.099978829999998,0.0,0.0,4348.505787057999,4348.505787,-5.7999386626761407e-08
06_PRK,1.A.4,Residential and other sectors,8749.832191,623.72666552,45.286730860000006,0.0,581.2090928,9418.84558738,9418.845587869999,4.899993655271828e-07
06_PRK,1.A.5,Non-Specified,4091.014104,613.25199124,50.399745535,0.0,3196.13111,4754.665840775,4754.665841,2.2499989427160472e-07
06_PRK,1.B.1,Solid Fuels,268.4510424,12740.46301892,5.775765365,0.0,901.4678372,13014.689826685,13924.7228971,910.0330704150001
06_PRK,1.B.2,Oil and Natural Gas,0.000726945,4.01790102,0.0,0.0,0.0,4.018627965,4.305620885,0.28699291999999943
06_PRK,2.A.1,Cement production,2288.221113,0.0,0.0,0.0,0.0,2288.221113,2288.221113,0.0
06_PRK,2.A.3,Glass Production,1.273306116,0.0,0.0,0.0,0.0,1.273306116,1.273306116,0.0
06_PRK,2.B,Chemical Industry,135.0,0.5544,0.0,109.52,0.0,245.07439999999997,227.3144,-17.759999999999962
06_PRK,2.C,Metal Industry,125.5087069,2.6609492,0.0,0.0,0.0,128.1696561,128.1696561,0.0
06_PRK,2.D,Non-Energy Products from Fuels and Solvent Use,96.81631562,0.0,0.0,0.0,0.0,96.81631562,96.81631562,0.0
06_PRK,2.F,Product Uses as Substitutes for Ozone Depleting Substances,0.0,0.0,0.0,2099.771716978,0.0,2099.771716978,2099.771721,4.022000211989507e-06
06_PRK,2.G,Other Product Manufacture and Use,0.0,0.0,0.0545420349999999,0.0,0.0,0.0545420349999999,0.054542105,7.000000010193297e-08
06_PRK,3.A.1,Enteric Fermentation,0.0,1510.451796,0.0,0.0,0.0,1510.451796,1510.451796,0.0
06_PRK,3.A.2,Manure Management,0.0,181.349728,147.22365228,0.0,0.0,328.57338028000004,328.5733804,1.199999815071351e-07
06_PRK,3.C.1,Emissions from biomass burning,0.0,46.749955252,11.47105394,0.0,936.8542623,58.221009192,58.2210091,-9.199999340125942e-08
06_PRK,3.C.2,Liming,17.39047619,0.0,0.0,0.0,0.0,17.39047619,17.39047619,0.0
06_PRK,3.C.3,Urea application,99.62855331,0.0,0.0,0.0,0.0,99.62855331,99.62855331,0.0
06_PRK,3.C.4,Direct N2O Emissions from managed soils,0.0,0.0,1023.81401256,0.0,0.0,1023.81401256,1023.814013,4.400000079840538e-07
06_PRK,3.C.5,Indirect N2O Emissions from managed soils,0.0,0.0,220.690212575,0.0,0.0,220.690212575,220.6902127,1.2499998547355062e-07
06_PRK,3.C.6,Indirect N2O Emissions from manure management,0.0,0.0,12.428977265,0.0,0.0,12.428977265,12.42897732,5.499999922164989e-08
06_PRK,3.C.7,Rice cultivations,0.0,2076.5239264,0.0,0.0,0.0,2076.5239264,2076.523926,-4.000003173132427e-07
06_PRK,4.A,Solid Waste Disposal,0.0,2718.44016836,0.0,0.0,0.0,2718.44016836,2718.440168,-3.5999983083456755e-07
06_PRK,4.C,Incineration and Open Burning of Waste,10.81549366,9.132927412,0.7978765750000001,0.0,0.0,20.746297647000002,20.74629769,4.2999996452408595e-08
06_PRK,4.D,Wastewater Treatment and Discharge,0.0,1354.8295894,0.0,0.0,0.0,1354.8295894,1354.829589,-4.0000008993956726e-07
06_PRK,4.E,Other,0.0,33.197812228,0.0,0.0,0.0,33.197812228,33.19781223,2.000000165480742e-09
06_PRK,5.A,Indirect N2O emissions from the atmospheric deposition of nitrogen in NOx and NH3,0.0,0.0,457.235286905,0.0,0.0,457.235286905,457.2352869,-5.000003966415534e-09
07_NAM,1.A.1.a,Main Activity Electricity and Heat Production,1794454.30115204,2105.336187024,8635.112546089,0.0,70052.63923584801,1805194.749885153,1805194.750603961,0.0007188080344349146
07_NAM,1.A.1.bc,Petroleum Refining - Manufacture of Solid Fuels and Other Energy Industries,380467.673367838,455.608169408,282.08905456540003,0.0,343.421772,381205.3705918114,381205.370475538,-0.00011627341154962778
07_NAM,1.A.2,Manufacturing Industries and Construction,508768.804011373,1889.145459264,2461.196231485,0.0,273017.298328525,513119.145702122,513119.145680085,-2.2037012968212366e-05
07_NAM,1.A.3.a,Civil Aviation,188961.2589844,37.0066311468,1400.965322251,0.0,0.0,190399.23093779778,190399.230946355,8.55722464621067e-06
07_NAM,1.A.3.b_noRES,Road Transportation no resuspension,1608353.40082498,4126.310224125743,18069.95926087504,0.0,106177.139056873,1630549.6703099809,1630549.6703588415,4.886067472398281e-05
07_NAM,1.A.3.c,Railways,48697.026886,77.81407060000001,4979.623607995,0.0,1218.399324,53754.464564595,53754.46456429,-3.0500086722895503e-07
07_NAM,1.A.3.d,Water-borne Navigation,29909.964411988,81.708610942,220.6392151005,0.0,319.53102,30212.3122380305,30212.3122395,1.4694996934849769e-06
07_NAM,1.A.3.e,Other Transportation,61046.994816263,30.726237494400003,29.56362610065,0.0,0.0,61107.28467985805,61107.284677294,-2.5640474632382393e-06
07_NAM,1.A.4,Residential and other sectors,686672.82814987,10131.048627448,6897.704047113501,0.0,106488.950490014,703701.5808244316,703701.580845799,2.1367333829402924e-05
07_NAM,1.A.5,Non-Specified,2759.570263075,4.4009954604,278.6649120953,0.0,0.092592022,3042.6361706307,3042.636171091,4.6030027078813873e-07
07_NAM,1.B.1,Solid Fuels,19293.7904591,56812.4530988,0.0,0.0,0.237738923,76106.2435579,80164.275922,4058.0323640999995
07_NAM,1.B.2,Oil and Natural Gas,54707.018831106005,404254.342732156,169.07236061999998,0.0,115391.898886,459130.433923882,488005.74406841304,28875.310144531017
07_NAM,2.A.1,Cement production,49787.694063,0.0,0.0,0.0,0.0,49787.694063,49787.694063,0.0
07_NAM,2.A.2,Lime production,14156.25,0.0,0.0,0.0,0.0,14156.25,14156.25,0.0
07_NAM,2.A.3,Glass Production,1889.736776561,0.0,0.0,0.0,0.0,1889.736776561,1889.7367765610002,2.2737367544323206e-13
07_NAM,2.A.4,Other Process Uses of Carbonates,12548.8101351,0.0,0.0,0.0,0.0,12548.8101351,12548.8101351,0.0
07_NAM,2.B,Chemical Industry,84224.99480999999,1105.6727958360002,17405.935445755,4197.538102,0.0,106934.141153591,106332.02195000001,-602.1192035909917
07_NAM,2.C,Metal Industry,16309.678369,33.673676512,0.0,5156.42076318,0.0,21499.772808692,21499.772797999998,-1.0692001524148509e-05
07_NAM,2.D,Non-Energy Products from Fuels and Solvent Use,10948.887272073,0.0,0.0,0.0,0.0,10948.887272073,10948.887272073,0.0
07_NAM,2.E,Electronics Industry,0.0,0.0,0.0,4197.080528012,0.0,4197.080528012,4135.968022929999,-61.11250508200101
07_NAM,2.F,Product Uses as Substitutes for Ozone Depleting Substances,0.0,0.0,0.0,157332.835044384,0.0,157332.835044384,157327.59553000002,-5.2395143839821685
07_NAM,2.G,Other Product Manufacture and Use,0.0,0.0,4200.274165032,42122.415356,0.0,46322.689521032,46322.68951367,-7.362003088928759e-06
07_NAM,3.A.1,Enteric Fermentation,0.0,217999.0327585,0.0,0.0,0.0,217999.0327585,217999.032794487,3.598700277507305e-05
07_NAM,3.A.2,Manure Management,0.0,69082.882996008,4756.8475901985,0.0,0.0,73839.73058620651,73839.730593216,7.009482942521572e-06
07_NAM,3.C.1,Emissions from biomass burning,0.0,290.147463704,71.19359047600001,0.0,5814.463061865,361.34105418,361.341054302,1.2199996035633376e-07
07_NAM,3.C.2,Liming,3844.604762,0.0,0.0,0.0,0.0,3844.604762,3844.604762,0.0
07_NAM,3.C.3,Urea application,6988.613015000001,0.0,0.0,0.0,0.0,6988.613015000001,6988.613015000001,0.0
07_NAM,3.C.4,Direct N2O Emissions from managed soils,0.0,0.0,139432.403342975,0.0,0.0,139432.403342975,139432.403312746,-3.0229013646021485e-05
07_NAM,3.C.5,Indirect N2O Emissions from managed soils,0.0,0.0,24763.496343975003,0.0,0.0,24763.496343975003,24763.496342331,-1.644002622924745e-06
07_NAM,3.C.6,Indirect N2O Emissions from manure management,0.0,0.0,1068.433990647,0.0,0.0,1068.433990647,1068.433990617,-2.999991011165548e-08
07_NAM,3.C.7,Rice cultivations,0.0,15016.027327868,0.0,0.0,0.0,15016.027327868,15016.027323466,-4.401999831316061e-06
07_NAM,4.A,Solid Waste Disposal,0.0,153229.49456141598,0.0,0.0,0.0,153229.49456141598,153229.494596165,3.474901313893497e-05
07_NAM,4.B,Biological Treatment of Solid Waste,0.0,2744.51005066,2198.005434715,0.0,0.0,4942.515485375,4942.5154855,1.2500004231696948e-07
07_NAM,4.C,Incineration and Open Burning of Waste,127.358254921,29.4090048644,71.46992999825,0.0,205.81677039,228.23718978365,228.23718988000002,9.635002129471104e-08
07_NAM,4.D,Wastewater Treatment and Discharge,0.0,28693.24700634,8507.17632187,0.0,0.0,37200.42332821,37200.423327094,-1.1160009307786822e-06
07_NAM,4.E,Other,0.0,4145.10365794,0.0,0.0,0.0,4145.10365794,4145.103657944,3.999957698397338e-09
07_NAM,5.A,Indirect N2O emissions from the atmospheric deposition of nitrogen in NOx and NH3,0.0,0.0,15066.594268547502,0.0,0.0,15066.594268547502,15066.594267535,-1.0125022527063265e-06
07_NAM,5.B,Fossil fuel fires,4730.0,420.0,19.875,0.0,0.0,5169.875,5199.875,30.0
08_LAM,1.A.1.a,Main Activity Electricity and Heat Production,411321.882019195,1146.587860558952,2732.79596124082,0.0,88752.914565606,415201.2658409948,415201.2657860098,-5.4984993766993284e-05
08_LAM,1.A.1.bc,Petroleum Refining - Manufacture of Solid Fuels and Other Energy Industries,127260.948305667,678.5333834300559,757.2350497738804,0.0,63526.867674,128696.71673887093,128696.716754205,1.5334066119976342e-05
08_LAM,1.A.2,Manufacturing Industries and Construction,239038.858205055,2678.336111533264,2794.007815432048,0.0,473569.021484069,244511.2021320203,244511.2021309124,-1.107895513996482e-06
08_LAM,1.A.3.a,Civil Aviation,16566.149484696,3.2448965948,122.8425115875,0.0,0.0,16692.2368928783,16692.236895682,2.803699317155406e-06
08_LAM,1.A.3.b_noRES,Road Transportation no resuspension,561675.991157262,2604.672780579562,7314.312097137879,0.0,76221.620517398,571594.9760349795,571594.97604089,5.9105223044753075e-06
08_LAM,1.A.3.c,Railways,5174.16785031,8.4829963708,529.7619331689999,0.0,310.9737072,5712.4127798498,5712.412780214,3.6419987736735493e-07
08_LAM,1.A.3.d,Water-borne Navigation,9797.433112581,25.4562811972,68.83314932185,0.0,0.0,9891.72254310005,9891.722542857,-2.4304972612299025e-07
08_LAM,1.A.3.e,Other Transportation,7161.069831695,3.7971254174000006,21.417383051,0.0,0.5078416,7186.2843401634,7186.284340045,-1.1839983926620334e-07
08_LAM,1.A.4,Residential and other sectors,144549.6204208,13710.56753358068,5981.672898049935,0.0,166283.851803925,164241.8608524306,164241.860843383,-9.047595085576177e-06
08_LAM,1.A.5,Non-Specified,7326.520314724,52.47875379012,17.906139767796002,0.0,386.559270054,7396.905208281916,7396.9052085661,2.841834430000745e-07
08_LAM,1.B.1,Solid Fuels,6994.042682660999,29373.100313396004,251.48072343,0.0,21216.367145449,36618.623719487005,38716.702317004,2098.078597516993
08_LAM,1.B.2,Oil and Natural Gas,55728.914450557,72655.375202592,156.27761367325,0.0,42447.1750632,128540.56726682224,133730.236922803,5189.669655980746
08_LAM,2.A.1,Cement production,64618.77294945,0.0,0.0,0.0,0.0,64618.77294945,64618.77294945,0.0
08_LAM,2.A.2,Lime production,9000.0,0.0,0.0,0.0,0.0,9000.0,9000.0,0.0
08_LAM,2.A.3,Glass Production,32.374207408,0.0,0.0,0.0,0.0,32.374207408,32.374207408,0.0
08_LAM,2.A.4,Other Process Uses of Carbonates,27958.822915919,0.0,0.0,0.0,0.0,27958.822915919,27958.822915919,0.0
08_LAM,2.B,Chemical Industry,30142.1780259,624.269268812,3144.57909512,3688.16,0.0,37599.186389832,37001.106384599996,-598.0800052320046
08_LAM,2.C,Metal Industry,11808.6867208,118.24057868,0.0,490.60492088999996,216.1714464,12417.532220370002,12417.532212879998,-7.4900035542668775e-06
08_LAM,2.D,Non-Energy Products from Fuels and Solvent Use,6322.848486746,0.0,0.0,0.0,0.0,6322.848486746,6322.848486746,0.0
08_LAM,2.F,Product Uses as Substitutes for Ozone Depleting Substances,0.0,0.0,0.0,65278.574131461,0.0,65278.574131461,65278.655909529996,0.08177806899766438
08_LAM,2.G,Other Product Manufacture and Use,0.0,0.0,475.848558725555,1927.546512865,0.0,2403.395071590555,2403.3950789210003,7.330445441766642e-06
08_LAM,3.A.1,Enteric Fermentation,0.0,797810.29363728,0.0,0.0,0.0,797810.29363728,797810.293531488,-0.0001057919580489397
08_LAM,3.A.2,Manure Management,0.0,25040.195343324,8688.280999327999,0.0,0.0,33728.476342652,33728.476347306,4.654000804293901e-06
08_LAM,3.C.1,Emissions from biomass burning,0.0,16076.43702822584,3944.681308266475,0.0,322166.694407381,20021.118336492316,20021.11833418,-2.312317519681528e-06
08_LAM,3.C.2,Liming,10153.628573648,0.0,0.0,0.0,0.0,10153.628573648,10153.628573648,0.0
08_LAM,3.C.3,Urea application,8009.255686264,0.0,0.0,0.0,0.0,8009.255686264,8009.255686264,0.0
08_LAM,3.C.4,Direct N2O Emissions from managed soils,0.0,0.0,214194.74423262,0.0,0.0,214194.74423262,214194.744211012,-2.1607993403449655e-05
08_LAM,3.C.5,Indirect N2O Emissions from managed soils,0.0,0.0,28415.730625845,0.0,0.0,28415.730625845,28415.730629044,3.1989984563551843e-06
08_LAM,3.C.6,Indirect N2O Emissions from manure management,0.0,0.0,1486.5695109405,0.0,0.0,1486.5695109405,1486.569511199,2.584999947430333e-07
08_LAM,3.C.7,Rice cultivations,0.0,21818.916703892,0.0,0.0,0.0,21818.916703892,21818.916704675,7.830021786503494e-07
08_LAM,4.A,Solid Waste Disposal,0.0,154333.58243374398,0.0,0.0,0.0,154333.58243374398,154333.582430036,-3.7079735193401575e-06
08_LAM,4.B,Biological Treatment of Solid Waste,0.0,1540.4417245,1093.4385451115,0.0,0.0,2633.8802696115,2633.8802701590002,5.475003490573727e-07
08_LAM,4.C,Incineration and Open Burning of Waste,873.371323158,513.1130936120001,69.35296219185,0.0,7.0510825,1455.83737896185,1455.8373787530002,-2.088497694785474e-07
08_LAM,4.D,Wastewater Treatment and Discharge,0.0,88160.031810648,10119.581830985,0.0,0.0,98279.613641633,98279.613635414,-6.218993803486228e-06
08_LAM,4.E,Other,0.0,1715.679686112,0.0,0.0,0.0,1715.679686112,1715.679686105,-6.999925972195342e-09
08_LAM,5.A,Indirect N2O emissions from the atmospheric deposition of nitrogen in NOx and NH3,0.0,0.0,14565.454188285,0.0,0.0,14565.454188285,14565.454187454,-8.310016710311174e-07
09_WEU,1.A.1.a,Main Activity Electricity and Heat Production,795020.90900837,2382.3557009084,8081.8413873804,0.0,189266.20708244,805485.1060966587,805485.106129638,3.2979296520352364e-05
09_WEU,1.A.1.bc,Petroleum Refining - Manufacture of Solid Fuels and Other Energy Industries,170922.1929799,117.946943534,105.601998885,0.0,1299.68189888,171145.741922319,171145.7419240825,1.763517502695322e-06
09_WEU,1.A.2,Manufacturing Industries and Construction,390362.34395127,1228.4107796828,1639.00681254915,0.0,139861.69907736,393229.7615435019,393229.761546308,2.8060749173164368e-06
09_WEU,1.A.3.a,Civil Aviation,26335.83531901,5.15729837,195.24058009,0.0,0.0,26536.23319747,26536.233197859,3.890017978847027e-07
09_WEU,1.A.3.b_noRES,Road Transportation no resuspension,831752.6501665,1795.00421982,7385.1089393,0.0,46729.73801682,840932.76332562,840932.7632371869,-8.84330365806818e-05
09_WEU,1.A.3.c,Railways,4535.85391687,7.169898848,460.137385963,0.0,80.85493812,5003.161201681,5003.161201383,-2.980004865094088e-07
09_WEU,1.A.3.d,Water-borne Navigation,20916.73618381,54.7096075596,147.7219023756,0.0,64.40448192,21119.1676937452,21119.1676947317,9.864997991826385e-07
09_WEU,1.A.3.e,Other Transportation,4023.12867057,2.1745318840000003,6.81548859585,0.0,13.88969796,4032.11869104985,4032.1186919731,9.23249899642542e-07
09_WEU,1.A.4,Residential and other sectors,554891.1903768,14544.52413232,6589.2439424014,0.0,153867.46846028,576024.9584515214,576024.95843384,-1.7681391909718513e-05
09_WEU,1.A.5,Non-Specified,14961.88337344,70.93986129999999,21.0992893417,0.0,7.86798984,15053.9225240817,15053.922527904,3.822300641331822e-06
09_WEU,1.B.1,Solid Fuels,12726.870155672,10222.2473339,2.6434311800000003,0.0,384.48646152,22951.760920752004,23681.921446633,730.1605258809977
09_WEU,1.B.2,Oil and Natural Gas,11513.89337772,34106.60155154001,14.91446027505,0.0,42946.4802969,45635.40938953506,48071.59521581,2436.1858262749374
09_WEU,2.A.1,Cement production,91316.92819886,0.0,0.0,0.0,0.0,91316.92819886,91316.92819886,0.0
09_WEU,2.A.2,Lime production,20382.0,0.0,0.0,0.0,0.0,20382.0,20382.0,0.0
09_WEU,2.A.3,Glass Production,4339.300195489,0.0,0.0,0.0,0.0,4339.300195489,4339.300195489,0.0
09_WEU,2.A.4,Other Process Uses of Carbonates,9013.560361402,0.0,0.0,0.0,0.0,9013.560361402,9013.560361402,0.0
09_WEU,2.B,Chemical Industry,58538.2576147,572.2196956,18056.234587115,762.423688283,0.0,77929.135585698,77866.247868516,-62.88771718199132
09_WEU,2.C,Metal Industry,26542.93457675,221.294865428,0.0,2735.07590007,2.7553792,29499.305342248,29499.30535935,1.7102000128943473e-05
09_WEU,2.D,Non-Energy Products from Fuels and Solvent Use,10718.652386078,0.0,0.0,0.0,0.0,10718.652386078,10718.652386078,0.0
09_WEU,2.E,Electronics Industry,0.0,0.0,0.0,790.0531388753001,0.0,790.0531388753001,779.7309730000001,-10.322165875300016
09_WEU,2.F,Product Uses as Substitutes for Ozone Depleting Substances,0.0,0.0,0.0,79578.35941501883,0.0,79578.35941501883,79460.11855442,-118.2408605988312
09_WEU,2.G,Other Product Manufacture and Use,0.0,0.0,6305.863918499999,8888.56198409,0.0,15194.42590259,15194.425900694,-1.8959999579237774e-06
09_WEU,3.A.1,Enteric Fermentation,0.0,213456.94462554,0.0,0.0,0.0,213456.94462554,213456.94461355,-1.1989992344751954e-05
09_WEU,3.A.2,Manure Management,0.0,67634.644822556,13786.782846031,0.0,0.0,81421.427668587,81421.427669068,4.809990059584379e-07
09_WEU,3.C.1,Emissions from biomass burning,0.0,403.45340953764,98.9955127973,0.0,8085.078245707,502.44892233494,502.448921906,-4.289399839763064e-07
09_WEU,3.C.2,Liming,6710.000001602,0.0,0.0,0.0,0.0,6710.000001602,6710.000001602,0.0
09_WEU,3.C.3,Urea application,3633.927910701,0.0,0.0,0.0,0.0,3633.927910701,3633.9279107009997,-4.547473508864641e-13
09_WEU,3.C.4,Direct N2O Emissions from managed soils,0.0,0.0,116001.11295055,0.0,0.0,116001.11295055,116001.112955739,5.188994691707194e-06
09_WEU,3.C.5,Indirect N2O Emissions from managed soils,0.0,0.0,23910.37289572,0.0,0.0,23910.37289572,23910.372898982998,3.2629977795295417e-06
09_WEU,3.C.6,Indirect N2O Emissions from manure management,0.0,0.0,2099.5388233655,0.0,0.0,2099.5388233655,2099.538823443,7.750031727482565e-08
09_WEU,3.C.7,Rice cultivations,0.0,2898.9480331,0.0,0.0,0.0,2898.9480331,2898.94803328,1.7999991541728377e-07
09_WEU,4.A,Solid Waste Disposal,0.0,102818.052394148,0.0,0.0,0.0,102818.052394148,102818.0523927,-1.448002876713872e-06
09_WEU,4.B,Biological Treatment of Solid Waste,0.0,3323.7322328560003,3129.100550855,0.0,0.0,6452.832783711001,6452.832783664,-4.7000867198221385e-08
09_WEU,4.C,Incineration and Open Burning of Waste,2463.04323016,669.493965532756,463.612954243,0.0,5872.217157901,3596.1501499357555,3596.150149674,-2.6175530365435407e-07
09_WEU,4.D,Wastewater Treatment and Discharge,0.0,19066.375229944,9585.840343155,0.0,0.0,28652.215573098998,28652.215572003,-1.095999323297292e-06
09_WEU,4.E,Other,0.0,11579.753091256,0.0,0.0,0.0,11579.753091256,11579.753091203,-5.299989425111562e-08
09_WEU,5.A,Indirect N2O emissions from the atmospheric deposition of nitrogen in NOx and NH3,0.0,0.0,7997.083650902299,0.0,0.0,7997.083650902299,7997.0836516423005,7.400012691505253e-07
10_EEU,1.A.1.a,Main Activity Electricity and Heat Production,321137.457588,365.402419032,5017.892814495,0.0,29583.6979144,326520.752821527,326520.752883351,6.182398647069931e-05
10_EEU,1.A.1.bc,Petroleum Refining - Manufacture of Solid Fuels and Other Energy Industries,27410.57518355,18.5146753848,23.1919277419,0.0,37.11370354,27452.2817866767,27452.281787187,5.102992872707546e-07
10_EEU,1.A.2,Manufacturing Industries and Construction,89697.2992602,306.70754021600004,407.619911955,0.0,22189.5038419,90411.626712371,90411.626711507,-8.640054147690535e-07
10_EEU,1.A.3.a,Civil Aviation,503.49006895,0.0987440314,3.738165154,0.0,0.0,507.3269781354,507.326978318,1.82599990239396e-07
10_EEU,1.A.3.b_noRES,Road Transportation no resuspension,170532.761951,461.06434310972,1378.0834206909,0.0,8080.70352024,172371.90971480063,172371.909704952,-9.848619811236858e-06
10_EEU,1.A.3.c,Railways,1546.28222944,2.4506300000000003,158.04428356850002,0.0,22.33461552,1706.7771430085002,1706.777143004,-4.500179784372449e-09
10_EEU,1.A.3.d,Water-borne Navigation,500.12345277,1.326711008,3.58753502,0.0,0.0,505.037698798,505.037698589,-2.090000066345965e-07
10_EEU,1.A.3.e,Other Transportation,1816.11924341,0.912690632,2.0142921625,0.0,0.0,1819.0462262045,1819.0462261349999,-6.950017450435553e-08
10_EEU,1.A.4,Residential and other sectors,97457.5062303,9537.719714684,2373.41670266,0.0,83020.2788922,109368.64264764401,109368.64263120001,-1.6443998902104795e-05
10_EEU,1.A.5,Non-Specified,1282.41287445,4.10146898,33.497608285000005,0.0,0.0,1320.011951715,1320.011951544,-1.7099978322221432e-07
10_EEU,1.B.1,Solid Fuels,12216.804011475,20850.870292728,2.314349675,0.0,285.8868824,33069.988653878,34559.336535211,1489.3478813330003
10_EEU,1.B.2,Oil and Natural Gas,3223.098840091,11266.933697432,1.53140326254,0.0,7493.02829438,14491.563940785538,15296.344917763001,804.7809769774631
10_EEU,2.A.1,Cement production,22730.3228201,0.0,0.0,0.0,0.0,22730.3228201,22730.3228201,0.0
10_EEU,2.A.2,Lime production,6984.0,0.0,0.0,0.0,0.0,6984.0,6984.0,0.0
10_EEU,2.A.3,Glass Production,761.9819855860001,0.0,0.0,0.0,0.0,761.9819855860001,761.9819855860001,0.0
10_EEU,2.A.4,Other Process Uses of Carbonates,6138.551239195001,0.0,0.0,0.0,0.0,6138.551239195001,6138.551239195001,0.0
10_EEU,2.B,Chemical Industry,16992.4404756,79.188096204,11606.884662195,0.0,0.0,28678.513233999,28678.51323508,1.0809999366756529e-06
10_EEU,2.C,Metal Industry,4833.1265089,56.187453616,0.0,1672.1865577199999,0.0,6561.500520236,6561.5005115,-8.735999472264666e-06
10_EEU,2.D,Non-Energy Products from Fuels and Solvent Use,2320.06615457,0.0,0.0,0.0,0.0,2320.06615457,2320.06615457,0.0
10_EEU,2.E,Electronics Industry,0.0,0.0,0.0,9.947397780000001,0.0,9.947397780000001,9.94739778,-1.7763568394002505e-15
10_EEU,2.F,Product Uses as Substitutes for Ozone Depleting Substances,0.0,0.0,0.0,18162.39430870104,0.0,18162.39430870104,18127.5369556,-34.857353101040644
10_EEU,2.G,Other Product Manufacture and Use,0.0,0.0,821.5150843299999,1993.29609898,0.0,2814.8111833099997,2814.81115671,-2.6599999728205148e-05
10_EEU,3.A.1,Enteric Fermentation,0.0,46288.6156796,0.0,0.0,0.0,46288.6156796,46288.615684,4.399997123982757e-06
10_EEU,3.A.2,Manure Management,0.0,9831.604792632,2740.629058985,0.0,0.0,12572.233851617,12572.2338523,6.829995982116088e-07
10_EEU,3.C.1,Emissions from biomass burning,0.0,233.293563048,57.2433280343,0.0,4675.128942745,290.53689108230003,290.536891083,6.999698598519899e-10
10_EEU,3.C.2,Liming,4108.866666676,0.0,0.0,0.0,0.0,4108.866666676,4108.866666676,0.0
10_EEU,3.C.3,Urea application,1236.87120378,0.0,0.0,0.0,0.0,1236.87120378,1236.87120378,0.0
10_EEU,3.C.4,Direct N2O Emissions from managed soils,0.0,0.0,38207.943836835,0.0,0.0,38207.943836835,38207.943841500004,4.665002052206546e-06
10_EEU,3.C.5,Indirect N2O Emissions from managed soils,0.0,0.0,6985.143366315,0.0,0.0,6985.143366315,6985.14336612,-1.9500021153362468e-07
10_EEU,3.C.6,Indirect N2O Emissions from manure management,0.0,0.0,503.682033535,0.0,0.0,503.682033535,503.682033832,2.969999854940397e-07
10_EEU,3.C.7,Rice cultivations,0.0,201.17424068,0.0,0.0,0.0,201.17424068,201.17424068000003,2.842170943040401e-14
10_EEU,4.A,Solid Waste Disposal,0.0,22593.24146688,0.0,0.0,0.0,22593.24146688,22593.2414668,-8.000279194675386e-08
10_EEU,4.B,Biological Treatment of Solid Waste,0.0,954.76965304,677.715958945,0.0,0.0,1632.485611985,1632.48561215,1.649998466746183e-07
10_EEU,4.C,Incineration and Open Burning of Waste,380.756028333,19.20163865704,15.5356551305,0.0,93.836198411,415.49332212054003,415.493322288,1.6745997299949522e-07
10_EEU,4.D,Wastewater Treatment and Discharge,0.0,11386.318286336,2149.91525375,0.0,0.0,13536.233540086,13536.2335405,4.140001692576334e-07
10_EEU,4.E,Other,0.0,3104.790602956,0.0,0.0,0.0,3104.790602956,3104.790602952,-3.999957698397338e-09
10_EEU,5.A,Indirect N2O emissions from the atmospheric deposition of nitrogen in NOx and NH3,0.0,0.0,2443.24167509,0.0,0.0,2443.24167509,2443.24167503,-6.000027497066185e-08
11_CAS,1.A.1.a,Main Activity Electricity and Heat Production,295497.68466900004,231.9524197592,795.0692685991,0.0,8242.62476324,296524.7063573583,296524.706339307,-1.80513015948236e-05
11_CAS,1.A.1.bc,Petroleum Refining - Manufacture of Solid Fuels and Other Energy Industries,30650.69833645,35.0209981828,27.29768019675,0.0,126.69293,30713.01701482955,30713.017016981998,2.152446541003883e-06
11_CAS,1.A.2,Manufacturing Industries and Construction,89992.1924089,135.7161848,192.103596162,0.0,623.5072183999999,90320.01218986198,90320.012194603,4.74101398140192e-06
11_CAS,1.A.3.a,Civil Aviation,2093.62013905,0.4073135247999999,12.585285925,0.0,0.0,2106.6127384998,2106.612738456,-4.3799900595331565e-08
11_CAS,1.A.3.b_noRES,Road Transportation no resuspension,86202.681337,485.0848988468,1133.8477619735002,0.0,266.95741092,87821.61399782031,87821.613978018,-1.9802319002337754e-05
11_CAS,1.A.3.c,Railways,1093.56212279,1.6025926,99.9841309875,0.0,0.21018,1195.1488463775001,1195.148846406,2.849992597475648e-08
11_CAS,1.A.3.d,Water-borne Navigation,518.9185505400001,1.37257806,3.711563235,0.0,0.0,524.0026918350001,524.002691803,-3.2000116334529594e-08
11_CAS,1.A.3.e,Other Transportation,9836.18793079,4.9340017104000005,4.711394349000001,0.0,0.0,9845.8333268494,9845.833326572,-2.7740134100895375e-07
11_CAS,1.A.4,Residential and other sectors,135063.541076,3496.663694244,1249.2532639,0.0,15457.905221600002,139809.458034144,139809.458038963,4.819012247025967e-06
11_CAS,1.A.5,Non-Specified,14121.76181682,80.035813704,20.33598923,0.0,43.2201,14222.133619754,14222.133613790002,-5.963998773950152e-06
11_CAS,1.B.1,Solid Fuels,9398.120353264,27562.45279074,6.8971108245,0.0,1194.16824,36967.4702548285,38936.216879485,1968.7466246565018
11_CAS,1.B.2,Oil and Natural Gas,21212.886740789,79172.568936188,34.196944876325006,0.0,279.5298456,100419.65262185333,106074.83610925,5655.183487396673
11_CAS,2.A.1,Cement production,21777.1216676,0.0,0.0,0.0,0.0,21777.1216676,21777.1216676,0.0
11_CAS,2.A.2,Lime production,2988.0,0.0,0.0,0.0,0.0,2988.0,2988.0,0.0
11_CAS,2.A.3,Glass Production,331.962161649,0.0,0.0,0.0,0.0,331.962161649,331.962161649,0.0
11_CAS,2.A.4,Other Process Uses of Carbonates,7380.2743094,0.0,0.0,0.0,0.0,7380.2743094,7380.2743094,0.0
11_CAS,2.B,Chemical Industry,12148.3179373,22.483531784,5558.101004839999,0.0,0.0,17728.902473924,17728.9024743,3.759996616281569e-07
11_CAS,2.C,Metal Industry,10524.23297288,182.0142618,0.0,896.4302212499999,0.0,11602.677455930001,11602.677454780001,-1.1499996617203578e-06
11_CAS,2.D,Non-Energy Products from Fuels and Solvent Use,1632.07272128,0.0,0.0,0.0,0.0,1632.07272128,1632.07272128,0.0
11_CAS,2.F,Product Uses as Substitutes for Ozone Depleting Substances,0.0,0.0,0.0,6199.267106495,0.0,6199.267106495,6199.2670989,-7.595000170113053e-06
11_CAS,2.G,Other Product Manufacture and Use,0.0,0.0,261.64728996,426.9392758,0.0,688.58656576,688.5865615299999,-4.230000058669248e-06
11_CAS,3.A.1,Enteric Fermentation,0.0,102363.7972,0.0,0.0,0.0,102363.7972,102363.7972066,6.599992047995329e-06
11_CAS,3.A.2,Manure Management,0.0,12818.5357398,5470.9270556050005,0.0,0.0,18289.462795405,18289.4627957,2.950000634882599e-07
11_CAS,3.C.1,Emissions from biomass burning,0.0,1004.070311104,246.36910398000003,0.0,20121.25028534,1250.439415084,1250.439415176,9.199993655784056e-08
11_CAS,3.C.2,Liming,5646.14285703,0.0,0.0,0.0,0.0,5646.14285703,5646.1428570299995,-9.094947017729282e-13
11_CAS,3.C.3,Urea application,1609.613993039,0.0,0.0,0.0,0.0,1609.613993039,1609.613993039,0.0
11_CAS,3.C.4,Direct N2O Emissions from managed soils,0.0,0.0,49379.718831155,0.0,0.0,49379.718831155,49379.718832,8.450006134808064e-07
11_CAS,3.C.5,Indirect N2O Emissions from managed soils,0.0,0.0,7885.74564663,0.0,0.0,7885.74564663,7885.74564824,1.6100002540042624e-06
11_CAS,3.C.6,Indirect N2O Emissions from manure management,0.0,0.0,562.25875899,0.0,0.0,562.25875899,562.258759138,1.479999127695919e-07
11_CAS,3.C.7,Rice cultivations,0.0,1310.363545568,0.0,0.0,0.0,1310.363545568,1310.36354562,5.1999904826516286e-08
11_CAS,4.A,Solid Waste Disposal,0.0,25172.38386012,0.0,0.0,0.0,25172.38386012,25172.3838603,1.7999991541728377e-07
11_CAS,4.B,Biological Treatment of Solid Waste,0.0,8.886865400000001,6.30808756,0.0,0.0,15.194952960000002,15.194952880999999,-7.900000298377563e-08
11_CAS,4.C,Incineration and Open Burning of Waste,326.747212524,1.40821506,9.887435405,0.0,60.50227124,338.042862989,338.042863371,3.8199999607968493e-07
11_CAS,4.D,Wastewater Treatment and Discharge,0.0,8776.472920824,2424.2586955649995,0.0,0.0,11200.731616389,11200.7316154,-9.889990906231105e-07
11_CAS,4.E,Other,0.0,1910.047596352,0.0,0.0,0.0,1910.047596352,1910.0475963499998,-2.0002062228741124e-09
11_CAS,5.A,Indirect N2O emissions from the atmospheric deposition of nitrogen in NOx and NH3,0.0,0.0,2517.78070178,0.0,0.0,2517.78070178,2517.78070156,-2.1999994714860804e-07
12_MEA,1.A.1.a,Main Activity Electricity and Heat Production,909934.31427645,1276.7675730628,975.99498550715,0.0,86.11312164,912187.0768350199,912187.076727235,-0.000107784871943295
12_MEA,1.A.1.bc,Petroleum Refining - Manufacture of Solid Fuels and Other Energy Industries,183736.2245287,230.305910492,131.57836842499998,0.0,2.814,184098.10880761698,184098.10880498,-2.636981662362814e-06
12_MEA,1.A.2,Manufacturing Industries and Construction,405409.62047402,341.739818224,478.431620365,0.0,16826.28987,406229.791912609,406229.79196363,5.102099385112524e-05
12_MEA,1.A.3.a,Civil Aviation,8750.926373622,1.713573778,64.8665542765,0.0,0.0,8817.5065016765,8817.506501075999,-6.0050115280319e-07
12_MEA,1.A.3.b_noRES,Road Transportation no resuspension,578770.0621848,4270.198142056,8902.9003507,0.0,0.0,591943.1606775561,591943.1606715,-6.056041456758976e-06
12_MEA,1.A.3.c,Railways,533.192555947,0.8361265416,54.535309035,0.0,0.0,588.5639915236,588.56399135,-1.735999148877454e-07
12_MEA,1.A.3.d,Water-borne Navigation,936.461492472,2.3916301752,6.467163191,0.0,0.0,945.3202858382001,945.32028589,5.179992967896396e-08
12_MEA,1.A.3.e,Other Transportation,2723.37617554,1.523199608,1.7170437295,0.0,0.0,2726.6164188775,2726.61641906,1.8250011635245755e-07
12_MEA,1.A.4,Residential and other sectors,263523.90412013995,4333.187359760001,2018.65222181,0.0,49324.979579,269875.74370170996,269875.743658608,-4.3101957999169827e-05
12_MEA,1.A.5,Non-Specified,10419.20023959,75.2697582,25.356817242,0.0,758.0648496,10519.826815032,10519.826813956,-1.0759995348053053e-06
12_MEA,1.B.1,Solid Fuels,530.45671992,11652.48567644,137.564267554,0.0,30033.3406168,12320.506663913999,13152.827070899,832.3204069850017
12_MEA,1.B.2,Oil and Natural Gas,140529.26341042802,502423.117423136,494.8991597668,0.0,16.44452,643447.279993331,679334.64553402,35887.36554068909
12_MEA,2.A.1,Cement production,121292.8753475,0.0,0.0,0.0,0.0,121292.8753475,121292.8753475,0.0
12_MEA,2.A.2,Lime production,4543.5,0.0,0.0,0.0,0.0,4543.5,4543.5,0.0
12_MEA,2.A.3,Glass Production,24.924162924,0.0,0.0,0.0,0.0,24.924162924,24.924162924,0.0
12_MEA,2.A.4,Other Process Uses of Carbonates,887.024600566,0.0,0.0,0.0,0.0,887.024600566,887.024600566,0.0
12_MEA,2.B,Chemical Industry,127829.5426128,1832.47246448,7378.003224000001,0.0,0.0,137040.01830128,137040.0182883,-1.2980017345398664e-05
12_MEA,2.C,Metal Industry,13537.6193482,23.2968344,0.0,1591.3716132000002,0.0,15152.2877958,15152.2877715,-2.4300001314259134e-05
12_MEA,2.D,Non-Energy Products from Fuels and Solvent Use,3729.474811394,0.0,0.0,0.0,0.0,3729.474811394,3729.474811394,0.0
12_MEA,2.F,Product Uses as Substitutes for Ozone Depleting Substances,0.0,0.0,0.0,119465.01096351701,0.0,119465.01096351701,119465.01096829999,4.78298170492053e-06
12_MEA,2.G,Other Product Manufacture and Use,0.0,0.0,10476.72014023,13532.74332128,0.0,24009.46346151,24009.463413563,-4.7946999984560534e-05
12_MEA,3.A.1,Enteric Fermentation,0.0,130004.803750976,0.0,0.0,0.0,130004.803750976,130004.8037432,-7.776005077175796e-06
12_MEA,3.A.2,Manure Management,0.0,5653.8582250360005,833.745874985,0.0,0.0,6487.604100021001,6487.60409955,-4.710009307018481e-07
12_MEA,3.C.1,Emissions from biomass burning,0.0,643.87402944648,157.98760928122502,0.0,12903.031145407002,801.861638727705,801.861638566,-1.6170497474377044e-07
12_MEA,3.C.2,Liming,2658.228571308,0.0,0.0,0.0,0.0,2658.228571308,2658.228571308,0.0
12_MEA,3.C.3,Urea application,3625.756483834,0.0,0.0,0.0,0.0,3625.756483834,3625.756483834,0.0
12_MEA,3.C.4,Direct N2O Emissions from managed soils,0.0,0.0,63789.49503082,0.0,0.0,63789.49503082,63789.49503131,4.899993655271828e-07
12_MEA,3.C.5,Indirect N2O Emissions from managed soils,0.0,0.0,8121.518339505,0.0,0.0,8121.518339505,8121.518339874001,3.690010998980142e-07
12_MEA,3.C.6,Indirect N2O Emissions from manure management,0.0,0.0,227.563182085,0.0,0.0,227.563182085,227.56318238,2.9500000664484105e-07
12_MEA,3.C.7,Rice cultivations,0.0,9803.659809524,0.0,0.0,0.0,9803.659809524,9803.659808811999,-7.12001565261744e-07
12_MEA,4.A,Solid Waste Disposal,0.0,114955.266005216,0.0,0.0,0.0,114955.266005216,114955.2660151,9.883995517157018e-06
12_MEA,4.B,Biological Treatment of Solid Waste,0.0,884.1811923279998,627.6107566699999,0.0,0.0,1511.7919489979997,1511.791949323,3.2500020097359084e-07
12_MEA,4.C,Incineration and Open Burning of Waste,3.230955965,11.77259622,1.028485193,0.0,0.0,16.032037378000002,16.032037229,-1.4900000167017424e-07
12_MEA,4.D,Wastewater Treatment and Discharge,0.0,43914.90127094,7339.005885744999,0.0,0.0,51253.907156684996,51253.907150729996,-5.955000233370811e-06
12_MEA,4.E,Other,0.0,640.3981133479999,0.0,0.0,0.0,640.3981133479999,640.3981134009999,5.300000793795334e-08
12_MEA,5.A,Indirect N2O emissions from the atmospheric deposition of nitrogen in NOx and NH3,0.0,0.0,11677.05256609,0.0,0.0,11677.05256609,11677.052566288,1.9800063455477357e-07
12_MEA,5.B,Fossil fuel fires,0.0,0.0,0.0,0.0,0.0,0.0,0.0,0.0
13_AFR,1.A.1.a,Main Activity Electricity and Heat Production,324118.281231856,166.75617207788002,2248.65162217969,0.0,4205.468973107,326533.68902611354,326533.689008115,-1.7998565454035997e-05
13_AFR,1.A.1.bc,Petroleum Refining - Manufacture of Solid Fuels and Other Energy Industries,73655.93575436,40.250995176,243.6776445445,0.0,0.0,73939.8643940805,73939.86439172999,-2.350512659177184e-06
13_AFR,1.A.2,Manufacturing Industries and Construction,93151.667339676,886.2825805363601,1027.041226392325,0.0,113237.013677816,95064.99114660468,95064.991146807,2.023298293352127e-07
13_AFR,1.A.3.a,Civil Aviation,2745.625283899,0.5378265368,20.3605770165,0.0,0.0,2766.5236874523,2766.523687959,5.067004167358391e-07
13_AFR,1.A.3.b_noRES,Road Transportation no resuspension,206032.79623555,1392.9105334144,2402.697591566,0.0,182.597001958,209828.40436053037,209828.404360883,3.5262200981378555e-07
13_AFR,1.A.3.c,Railways,2389.364881444,3.71594846,231.48060209,0.0,0.0,2624.561431994,2624.561432404,4.0999975681188516e-07
13_AFR,1.A.3.d,Water-borne Navigation,3067.945039114,8.1732078764,22.1010215445,0.0,0.0,3098.2192685348996,3098.219268116,-4.1889961721608415e-07
13_AFR,1.A.3.e,Other Transportation,438.7858570300001,0.4965357208000001,1.1972929755,0.0,0.0,440.4796857263001,440.479685913,1.866999355115695e-07
13_AFR,1.A.4,Residential and other sectors,44790.389646637,66371.17434306328,9501.394506417577,0.0,824824.032411472,120662.95849611786,120662.958493135,-2.9828661354258657e-06
13_AFR,1.A.5,Non-Specified,5737.252072262,650.168366603644,116.4584071516455,0.0,10737.100171848,6503.87884601729,6503.878847053999,1.0367093636887148e-06
13_AFR,1.B.1,Solid Fuels,19289.55036839,144154.6849876,1243.552854995,0.0,234082.51587469,164687.788210985,174984.551435401,10296.763224416005
13_AFR,1.B.2,Oil and Natural Gas,33374.254825635,165344.507532904,114.068036035265,0.0,335.07889892000003,198832.83039457427,210643.15237797098,11810.321983396716
13_AFR,2.A.1,Cement production,41679.30795073,0.0,0.0,0.0,0.0,41679.30795073,41679.30795073,0.0
13_AFR,2.A.2,Lime production,1844.25,0.0,0.0,0.0,0.0,1844.25,1844.25,0.0
13_AFR,2.A.3,Glass Production,50.235203416,0.0,0.0,0.0,0.0,50.235203416,50.235203416,0.0
13_AFR,2.A.4,Other Process Uses of Carbonates,544.952374575,0.0,0.0,0.0,0.0,544.952374575,544.952374575,0.0
13_AFR,2.B,Chemical Industry,5802.900897,99.42436,295.62075,0.0,0.0,6197.9460070000005,6197.946007,-9.094947017729282e-13
13_AFR,2.C,Metal Industry,8824.46767,133.86788520000002,0.0,385.57687668000005,0.0,9343.912431879999,9343.91243405,2.170001607737504e-06
13_AFR,2.D,Non-Energy Products from Fuels and Solvent Use,4001.151814759,0.0,0.0,0.0,0.0,4001.151814759,4001.151814759,0.0
13_AFR,2.F,Product Uses as Substitutes for Ozone Depleting Substances,0.0,0.0,0.0,38816.149438693006,0.0,38816.149438693006,38816.1494345,-4.193003405816853e-06
13_AFR,2.G,Other Product Manufacture and Use,0.0,0.0,1316.6076712686402,2875.3646182568,0.0,4191.97228952544,4191.9722886908,-8.346396498382092e-07
13_AFR,3.A.1,Enteric Fermentation,0.0,450569.228544232,0.0,0.0,0.0,450569.228544232,450569.228539219,-5.0130183808505535e-06
13_AFR,3.A.2,Manure Management,0.0,17397.221469936,4970.8348504,0.0,0.0,22368.056320336,22368.056318967,-1.3690005289390683e-06
13_AFR,3.C.1,Emissions from biomass burning,0.0,5456.3275379452,1338.821108943585,0.0,109343.071688103,6795.148646888785,6795.148646725,-1.63785443874076e-07
13_AFR,3.C.2,Liming,1054.638095532,0.0,0.0,0.0,0.0,1054.638095532,1054.638095532,0.0
13_AFR,3.C.3,Urea application,1830.242524403,0.0,0.0,0.0,0.0,1830.242524403,1830.242524403,0.0
13_AFR,3.C.4,Direct N2O Emissions from managed soils,0.0,0.0,171553.48515808998,0.0,0.0,171553.48515808998,171553.485159093,1.0030053090304136e-06
13_AFR,3.C.5,Indirect N2O Emissions from managed soils,0.0,0.0,12458.605678245,0.0,0.0,12458.605678245,12458.605678577,3.320001269457862e-07
13_AFR,3.C.6,Indirect N2O Emissions from manure management,0.0,0.0,302.803576325,0.0,0.0,302.803576325,302.803575579,-7.460000119863253e-07
13_AFR,3.C.7,Rice cultivations,0.0,34512.849385084,0.0,0.0,0.0,34512.849385084,34512.84938489,-1.9399885786697268e-07
13_AFR,4.A,Solid Waste Disposal,0.0,60551.688910636,0.0,0.0,0.0,60551.688910636,60551.688910745,1.0899384506046772e-07
13_AFR,4.B,Biological Treatment of Solid Waste,0.0,124.223076656,88.176202025,0.0,0.0,212.399278681,212.399278328,-3.529999901275005e-07
13_AFR,4.C,Incineration and Open Burning of Waste,12.804488534,33.71782736,2.944670884,0.0,0.209080318,49.466986778,49.466986874,9.600000083764826e-08
13_AFR,4.D,Wastewater Treatment and Discharge,0.0,57340.518294584,10792.97902716,0.0,0.0,68133.497321744,68133.497321148,-5.960027920082211e-07
13_AFR,4.E,Other,0.0,5621.013709458,0.0,0.0,0.0,5621.013709458,5621.013709447,-1.1000338417943567e-08
13_AFR,5.A,Indirect N2O emissions from the atmospheric deposition of nitrogen in NOx and NH3,0.0,0.0,27968.01320243,0.0,0.0,27968.01320243,27968.013202456,2.6000634534284472e-08
14_CLV,1.A.1.a,Main Activity Electricity and Heat Production,172380.340763,99.103875668,4538.58449993,0.0,4006.60179,177018.02913859798,177018.02913201,-6.587972166016698e-06
14_CLV,1.A.2,Manufacturing Industries and Construction,72908.9182571,387.751004284,538.7731684400001,0.0,38647.89065,73835.442429824,73835.44242976999,-5.4016709327697754e-08
14_CLV,1.A.3.a,Civil Aviation,3004.38110115,0.588270438,22.27023748,0.0,0.0,3027.2396090680004,3027.2396089999997,-6.800064511480741e-08
14_CLV,1.A.3.b_noRES,Road Transportation no resuspension,44953.82919,240.228781772,448.89965069,0.0,231.48768,45642.957622461996,45642.957625099,2.6370034902356565e-06
14_CLV,1.A.3.c,Railways,855.0056213,1.340778068,87.45057505000001,0.0,0.0,943.796974418,943.7969743,-1.1800000265793642e-07
14_CLV,1.A.3.d,Water-borne Navigation,3448.2953477,9.10441,24.619067895,0.0,0.0,3482.018825595,3482.018826,4.049998096888885e-07
14_CLV,1.A.3.e,Other Transportation,0.0,0.0,0.0,0.0,0.0,0.0,0.0,0.0
14_CLV,1.A.4,Residential and other sectors,16075.80065162,2363.096972516,988.462890925,0.0,26932.647174,19427.360515061,19427.36052193,6.869002390885726e-06
14_CLV,1.A.5,Non-Specified,255.8406536,0.966739312,0.54896976,0.0,0.0,257.356362672,257.3563628,1.280000105907675e-07
14_CLV,1.B.1,Solid Fuels,486.465396621,22186.816451408,29.996801935,0.0,5583.5456072,22703.278649964002,24288.051254815,1584.7726048509976
14_CLV,1.B.2,Oil and Natural Gas,1507.134338,2608.3036960400004,5.736565505,0.0,237.18,4121.174599545,4307.482005999999,186.30740645499918
14_CLV,2.A.1,Cement production,48273.701871,0.0,0.0,0.0,0.0,48273.701871,48273.701871,0.0
14_CLV,2.A.2,Lime production,502.5,0.0,0.0,0.0,0.0,502.5,502.5,0.0
14_CLV,2.A.3,Glass Production,5.950245542,0.0,0.0,0.0,0.0,5.950245542,5.950245542,0.0
14_CLV,2.A.4,Other Process Uses of Carbonates,264.991352123,0.0,0.0,0.0,0.0,264.991352123,264.991352123,0.0
14_CLV,2.B,Chemical Industry,2166.753681,0.0,0.0,0.0,0.0,2166.753681,2166.753681,0.0
14_CLV,2.C,Metal Industry,1118.016,0.0,0.0,0.0,0.0,1118.016,1118.016,0.0
14_CLV,2.D,Non-Energy Products from Fuels and Solvent Use,502.45754853,0.0,0.0,0.0,0.0,502.45754853,502.45754852999994,-5.684341886080802e-14
14_CLV,2.E,Electronics Industry,0.0,0.0,0.0,945.9514882499999,0.0,945.9514882499999,945.9514868,-1.4499998997052899e-06
14_CLV,2.F,Product Uses as Substitutes for Ozone Depleting Substances,0.0,0.0,0.0,6361.271202925999,0.0,6361.271202925999,6361.2712066,3.6740011637448333e-06
14_CLV,2.G,Other Product Manufacture and Use,0.0,0.0,0.2564688284999999,0.0,0.0,0.2564688284999999,0.256469012,1.8350000008382494e-07
14_CLV,3.A.1,Enteric Fermentation,0.0,24284.440194000003,0.0,0.0,0.0,24284.440194000003,24284.440191,-3.0000010156072676e-06
14_CLV,3.A.2,Manure Management,0.0,5393.444467039999,3026.2820171,0.0,0.0,8419.72648414,8419.726483999999,-1.400003384333104e-07
14_CLV,3.C.1,Emissions from biomass burning,0.0,3810.16499556,934.90159628,0.0,76354.496929,4745.06659184,4745.0665916,-2.400001903879456e-07
14_CLV,3.C.2,Liming,1537.904762,0.0,0.0,0.0,0.0,1537.904762,1537.904762,0.0
14_CLV,3.C.3,Urea application,1289.199766,0.0,0.0,0.0,0.0,1289.199766,1289.199766,0.0
14_CLV,3.C.4,Direct N2O Emissions from managed soils,0.0,0.0,12654.351147465,0.0,0.0,12654.351147465,12654.351143,-4.465000529307872e-06
14_CLV,3.C.5,Indirect N2O Emissions from managed soils,0.0,0.0,3862.29519631,0.0,0.0,3862.29519631,3862.2951955999997,-7.100002221704926e-07
14_CLV,3.C.6,Indirect N2O Emissions from manure management,0.0,0.0,194.96454072,0.0,0.0,194.96454072,194.96454068999998,-3.00000237984932e-08
14_CLV,3.C.7,Rice cultivations,0.0,71615.72741288,0.0,0.0,0.0,71615.72741288,71615.727417,4.1199964471161366e-06
14_CLV,4.A,Solid Waste Disposal,0.0,8981.953217440001,0.0,0.0,0.0,8981.953217440001,8981.9532178,3.5999983083456755e-07
14_CLV,4.B,Biological Treatment of Solid Waste,0.0,2.01940158,1.433414415,0.0,0.0,3.452815995,3.452816092,9.700000003221021e-08
14_CLV,4.C,Incineration and Open Burning of Waste,72.19937967999999,94.26994122,8.23567053,0.0,0.0,174.70499143,174.70499158,1.500000053056283e-07
14_CLV,4.D,Wastewater Treatment and Discharge,0.0,7241.68195912,1788.0938390650003,0.0,0.0,9029.775798185,9029.7757986,4.1499879444018006e-07
14_CLV,4.E,Other,0.0,78.473664332,0.0,0.0,0.0,78.473664332,78.473664329,-2.999996695507434e-09
14_CLV,5.A,Indirect N2O emissions from the atmospheric deposition of nitrogen in NOx and NH3,0.0,0.0,2431.276864405,0.0,0.0,2431.276864405,2431.2768644,-5.0004018703475595e-09
15_SAS,1.A.1.a,Main Activity Electricity and Heat Production,1293620.6692994,986.9001078356,19531.929223758,0.0,66879.192508019,1314139.4986309935,1314139.498441169,-0.00018982449546456337
15_SAS,1.A.1.bc,Petroleum Refining - Manufacture of Solid Fuels and Other Energy Industries,65670.4338442,34.88617454,33.408889995,0.0,0.0,65738.72890873501,65738.72890629999,-2.4350156309083104e-06
15_SAS,1.A.2,Manufacturing Industries and Construction,627607.1063034999,3769.868717328,5069.938189863499,0.0,499370.955861066,636446.9132106913,636446.913249293,3.860169090330601e-05
15_SAS,1.A.3.a,Civil Aviation,14170.33496642,2.775670688,105.07896123,0.0,0.0,14278.189598338,14278.18959983,1.4920005924068391e-06
15_SAS,1.A.3.b_noRES,Road Transportation no resuspension,351537.801768,2536.702727412,7725.550668615001,0.0,3304.810515,361800.05516402697,361800.05515047,-1.3556971680372953e-05
15_SAS,1.A.3.c,Railways,10220.766054,16.028397644,1045.11071265,0.0,0.0,11281.905164294,11281.905165,7.060007192194462e-07
15_SAS,1.A.3.d,Water-borne Navigation,7135.019953059999,18.594693124,50.281568255,0.0,0.0,7203.896214438999,7203.896214429999,-8.999450074043125e-09
15_SAS,1.A.3.e,Other Transportation,1558.20184127,1.085751408,1.55304522,0.0,0.0,1560.840637898,1560.8406373399998,-5.580002380156657e-07
15_SAS,1.A.4,Residential and other sectors,197473.84185905,54348.584351068,11465.699308925,0.0,639461.1501742301,263288.125519043,263288.125548515,2.9471993912011385e-05
15_SAS,1.A.5,Non-Specified,25247.701329112,833.4199649524,69.39216111905002,0.0,7.218546767999999,26150.51345518345,26150.513450514,-4.669447662308812e-06
15_SAS,1.B.1,Solid Fuels,20180.754061089003,60532.363395980006,88.44080346500002,0.0,23528.7843973,80801.558260534,85125.29851345,4323.740252916003
15_SAS,1.B.2,Oil and Natural Gas,7777.06772250668,23687.3992532576,13.29268068535,0.0,3402.014595,31477.75965644963,33169.716747297,1691.9570908473725
15_SAS,2.A.1,Cement production,147604.84665822,0.0,0.0,0.0,0.0,147604.84665822,147604.84665822,0.0
15_SAS,2.A.2,Lime production,12000.0,0.0,0.0,0.0,0.0,12000.0,12000.0,0.0
15_SAS,2.A.3,Glass Production,89.93502389500001,0.0,0.0,0.0,0.0,89.93502389500001,89.93502389500001,0.0
15_SAS,2.A.4,Other Process Uses of Carbonates,2685.45191539,0.0,0.0,0.0,0.0,2685.45191539,2685.45191539,0.0
15_SAS,2.B,Chemical Industry,47143.31089670001,93.070649756,243.48025365,0.0,0.0,47479.86180010601,47479.8617967,-3.406006726436317e-06
15_SAS,2.C,Metal Industry,23074.82573,234.4514144,0.0,796.85989512,0.0,24106.13703952,24106.137030799997,-8.720002369955182e-06
15_SAS,2.D,Non-Energy Products from Fuels and Solvent Use,6323.952396125,0.0,0.0,0.0,0.0,6323.952396125,6323.952396125,0.0
15_SAS,2.F,Product Uses as Substitutes for Ozone Depleting Substances,0.0,0.0,0.0,55965.826175868,0.0,55965.826175868,55965.8261737,-2.168002538383007e-06
15_SAS,2.G,Other Product Manufacture and Use,0.0,0.0,146.200206645,9188.095637800001,0.0,9334.295844445001,9334.295836407,-8.03800139692612e-06
15_SAS,3.A.1,Enteric Fermentation,0.0,603780.5291307999,0.0,0.0,0.0,603780.5291307999,603780.5293176,0.0001868000254034996
15_SAS,3.A.2,Manure Management,0.0,50207.44443862,3324.368583355,0.0,0.0,53531.813021974995,53531.81302732001,5.345013050828129e-06
15_SAS,3.C.1,Emissions from biomass burning,0.0,12890.09466402,3162.8473018421,0.0,258313.404942082,16052.941965862101,16052.941967633,1.7708989616949111e-06
15_SAS,3.C.2,Liming,6215.7333339980005,0.0,0.0,0.0,0.0,6215.7333339980005,6215.7333339980005,0.0
15_SAS,3.C.3,Urea application,30977.2515156,0.0,0.0,0.0,0.0,30977.2515156,30977.2515156,0.0
15_SAS,3.C.4,Direct N2O Emissions from managed soils,0.0,0.0,205187.31470029,0.0,0.0,205187.31470029,205187.31471957298,1.928297569975257e-05
15_SAS,3.C.5,Indirect N2O Emissions from managed soils,0.0,0.0,42301.583838420345,0.0,0.0,42301.583838420345,42301.583849246,1.0825657227542251e-05
15_SAS,3.C.6,Indirect N2O Emissions from manure management,0.0,0.0,1325.058494775,0.0,0.0,1325.058494775,1325.058494417,-3.580000793590443e-07
15_SAS,3.C.7,Rice cultivations,0.0,139106.401728392,0.0,0.0,0.0,139106.401728392,139106.401742,1.3607990695163608e-05
15_SAS,4.A,Solid Waste Disposal,0.0,46607.469471528,0.0,0.0,0.0,46607.469471528,46607.4694789,7.372000254690647e-06
15_SAS,4.B,Biological Treatment of Solid Waste,0.0,1393.422638888,989.08124802,0.0,0.0,2382.503886908,2382.5038874459997,5.379997674026527e-07
15_SAS,4.C,Incineration and Open Burning of Waste,3.459558659,3.930335052,0.343364475,0.0,0.0,7.7332581860000005,7.73325815,-3.60000003141181e-08
15_SAS,4.D,Wastewater Treatment and Discharge,0.0,114786.50006633598,20846.393522510003,0.0,0.0,135632.893588846,135632.89364642,5.75740123167634e-05
15_SAS,4.E,Other,0.0,1142.67631702,0.0,0.0,0.0,1142.67631702,1142.676317061,4.1000021155923605e-08
15_SAS,5.A,Indirect N2O emissions from the atmospheric deposition of nitrogen in NOx and NH3,0.0,0.0,17668.009344375,0.0,0.0,17668.009344375,17668.00934561,1.2349992175586522e-06
15_SAS,5.B,Fossil fuel fires,14190.0,1260.0,59.625,0.0,0.0,15509.625,15599.625,90.0
16_APC,1.A.1.a,Main Activity Electricity and Heat Production,697345.94489464,1010.623582554852,7892.223798486377,0.0,68781.18483501,706248.7922756813,706248.7921318683,-0.00014381296932697296
16_APC,1.A.1.bc,Petroleum Refining - Manufacture of Solid Fuels and Other Energy Industries,86018.0927625,90.887773648,53.12306123,0.0,0.014328,86162.10359737801,86162.10358765999,-9.718016372062266e-06
16_APC,1.A.2,Manufacturing Industries and Construction,309105.844031446,1244.436335632,1770.291945619,0.0,181529.025510958,312120.57231269695,312120.572281726,-3.0970957595855e-05
16_APC,1.A.3.a,Civil Aviation,16497.470311912,3.2304069868,122.293978415,0.0,0.0,16622.9946973138,16622.994698169,8.552015060558915e-07
16_APC,1.A.3.b_noRES,Road Transportation no resuspension,351338.26011215,1999.8690930344,3786.4160749073,0.0,22915.530828,357124.5452800917,357124.54520343605,-7.665564771741629e-05
16_APC,1.A.3.c,Railways,2337.5037215,3.718459472,239.18165367,0.0,44.58741156,2580.403834642,2580.403833897,-7.450003067788202e-07
16_APC,1.A.3.d,Water-borne Navigation,13290.099111287002,35.174522012000004,95.0972957735,0.0,18.164448,13420.3709290725,13420.370929760002,6.875015969853848e-07
16_APC,1.A.3.e,Other Transportation,432.664352904,0.4916011324,0.9305307255,0.0,0.0,434.08648476189995,434.086484675,-8.689994501764886e-08
16_APC,1.A.4,Residential and other sectors,79315.164779994,8971.5610979484,2815.836344385495,0.0,111600.287173289,91102.56222232789,91102.56223004499,7.717098924331367e-06
16_APC,1.A.5,Non-Specified,2962.146190719,13.4117460087324,7.22270419446155,0.0,525.7706572605,2982.780640922194,2982.7806405144297,-4.077642188349273e-07
16_APC,1.B.1,Solid Fuels,5020.977182042,196213.163383468,135.6870209365,0.0,20501.335452062,201369.82758644648,215385.053535319,14015.22594887251
16_APC,1.B.2,Oil and Natural Gas,14685.385697061274,38445.01442577404,41.70363000285,0.0,29560.140316,53172.103752838164,55918.176215276,2746.0724624378345
16_APC,2.A.1,Cement production,69865.38296078,0.0,0.0,0.0,0.0,69865.38296078,69865.38296078,0.0
16_APC,2.A.2,Lime production,2428.5,0.0,0.0,0.0,0.0,2428.5,2428.5,0.0
16_APC,2.A.3,Glass Production,28.350215568,0.0,0.0,0.0,0.0,28.350215568,28.350215568,0.0
16_APC,2.A.4,Other Process Uses of Carbonates,1069.303353193,0.0,0.0,0.0,0.0,1069.303353193,1069.303353193,0.0
16_APC,2.B,Chemical Industry,57935.733254,492.79156402000007,2498.90259786,0.0,0.0,60927.427415879996,60927.42741484,-1.0399962775409222e-06
16_APC,2.C,Metal Industry,8216.099379,164.06707799999998,0.0,133.60836122999999,0.0,8513.77481823,8513.774808,-1.0230000043520704e-05
16_APC,2.D,Non-Energy Products from Fuels and Solvent Use,4024.406030333,0.0,0.0,0.0,0.0,4024.406030333,4024.406030333,0.0
16_APC,2.E,Electronics Industry,0.0,0.0,0.0,7090.809210818001,0.0,7090.809210818001,7040.757719,-50.05149181800061
16_APC,2.F,Product Uses as Substitutes for Ozone Depleting Substances,0.0,0.0,0.0,48077.460646663,0.0,48077.460646663,48077.4606435,-3.1629970180802047e-06
16_APC,2.G,Other Product Manufacture and Use,0.0,0.0,19.87248117235,8070.396419799999,0.0,8090.268900972349,8090.2689167220005,1.5749651538499165e-05
16_APC,3.A.1,Enteric Fermentation,0.0,77152.463619448,0.0,0.0,0.0,77152.463619448,77152.463631037,1.1588999768719077e-05
16_APC,3.A.2,Manure Management,0.0,13929.472923604,9069.87488122,0.0,0.0,22999.347804824,22999.347804885,6.100162863731384e-08
16_APC,3.C.1,Emissions from biomass burning,0.0,10304.466341204,2528.41072239722,0.0,206498.234200544,12832.877063601221,12832.877062749,-8.522220014128834e-07
16_APC,3.C.2,Liming,5100.5428586,0.0,0.0,0.0,0.0,5100.5428586,5100.5428586,0.0
16_APC,3.C.3,Urea application,6625.770223986,0.0,0.0,0.0,0.0,6625.770223986,6625.770223986,0.0
16_APC,3.C.4,Direct N2O Emissions from managed soils,0.0,0.0,61675.684171805005,0.0,0.0,61675.684171805005,61675.684181259996,9.454990504309535e-06
16_APC,3.C.5,Indirect N2O Emissions from managed soils,0.0,0.0,15958.669838505002,0.0,0.0,15958.669838505002,15958.66983935,8.449969755019993e-07
16_APC,3.C.6,Indirect N2O Emissions from manure management,0.0,0.0,853.077294,0.0,0.0,853.077294,853.0772942729999,2.7299984139972366e-07
16_APC,3.C.7,Rice cultivations,0.0,144674.261904592,0.0,0.0,0.0,144674.261904592,144674.261913742,9.150011464953423e-06
16_APC,4.A,Solid Waste Disposal,0.0,44262.346842952,0.0,0.0,0.0,44262.346842952,44262.346848409,5.456997314468026e-06
16_APC,4.B,Biological Treatment of Solid Waste,0.0,58.80638358,41.742031235,0.0,0.0,100.548414815,100.548414812,-2.999996695507434e-09
16_APC,4.C,Incineration and Open Burning of Waste,517.615845344,1016.366879724,88.71758330171,0.0,15.546959189,1622.70030836971,1622.700308085,-2.84710040432401e-07
16_APC,4.D,Wastewater Treatment and Discharge,0.0,64469.88058285599,7456.745990077499,0.0,0.0,71926.62657293348,71926.626561074,-1.185949076898396e-05
16_APC,4.E,Other,0.0,1040.860777068,0.0,0.0,0.0,1040.860777068,1040.860777184,1.1599991012190003e-07
16_APC,5.A,Indirect N2O emissions from the atmospheric deposition of nitrogen in NOx and NH3,0.0,0.0,10591.194186755609,0.0,0.0,10591.194186755609,10591.19418714661,3.910008672391996e-07
17_ANZ,1.A.1.a,Main Activity Electricity and Heat Production,193552.35507,134.630970124,878.6862516399999,0.0,5767.848594,194565.672291764,194565.67229463,2.8659997042268515e-06
17_ANZ,1.A.1.bc,Petroleum Refining - Manufacture of Solid Fuels and Other Energy Industries,32394.497647,36.888213908,17.926587235,0.0,0.0,32449.312448143002,32449.312454,5.856996722286567e-06
17_ANZ,1.A.2,Manufacturing Industries and Construction,46342.046173,180.012298984,268.718174985,0.0,41401.964002,46790.776646969,46790.77664918,2.210996171925217e-06
17_ANZ,1.A.3.a,Civil Aviation,9866.970477,1.932722204,73.167340845,0.0,0.0,9942.070540049,9942.070539999999,-4.900175554212183e-08
17_ANZ,1.A.3.b_noRES,Road Transportation no resuspension,95011.84769,278.071983784,1230.6759487600002,0.0,392.2413668,96520.595622544,96520.595621627,-9.170034900307655e-07
17_ANZ,1.A.3.c,Railways,3538.254187,5.549613216,361.299167525,0.0,0.0,3905.102967741,3905.102967,-7.410003490804229e-07
17_ANZ,1.A.3.d,Water-borne Navigation,2461.7452510000003,6.586625499999999,17.810772959999998,0.0,0.0,2486.1426494600005,2486.1426498,3.3999958759522997e-07
17_ANZ,1.A.3.e,Other Transportation,1516.150041,1.130992352,1.895912025,0.0,0.0,1519.176945377,1519.176946,6.230000053619733e-07
17_ANZ,1.A.4,Residential and other sectors,23180.245413,523.611495428,769.194235605,0.0,5419.345244,24473.051144032997,24473.05113829,-5.742997018387541e-06
17_ANZ,1.A.5,Non-Specified,9129.357964,14.522315304,924.283842075,0.0,0.0,10068.164121379,10068.16412,-1.3790013326797634e-06
17_ANZ,1.B.1,Solid Fuels,4192.9154961,36122.71840268,0.0,0.0,0.0,40315.633898780005,42895.8280883,2580.1941895199925
17_ANZ,1.B.2,Oil and Natural Gas,3078.2895535,14733.073901140002,12.04891188,0.0,391.2983108,17823.412366520002,18875.77479015,1052.3624236299984
17_ANZ,2.A.1,Cement production,3333.843462,0.0,0.0,0.0,0.0,3333.843462,3333.843462,0.0
17_ANZ,2.A.2,Lime production,1522.5,0.0,0.0,0.0,0.0,1522.5,1522.5,0.0
17_ANZ,2.A.3,Glass Production,102.82100815,0.0,0.0,0.0,0.0,102.82100815,102.82100815,0.0
17_ANZ,2.A.4,Other Process Uses of Carbonates,1617.3274845,0.0,0.0,0.0,0.0,1617.3274845,1617.3274844999999,-2.2737367544323206e-13
17_ANZ,2.B,Chemical Industry,5007.556617,117.03304186,3685.18275,0.0,0.0,8809.77240886,8809.772409,1.3999851944390684e-07
17_ANZ,2.C,Metal Industry,4485.199561,16.0583892,0.0,331.32907980000004,0.0,4832.587030000001,4832.587032699999,2.6999987312592566e-06
17_ANZ,2.D,Non-Energy Products from Fuels and Solvent Use,1249.9482462,0.0,0.0,0.0,0.0,1249.9482462,1249.9482462,0.0
17_ANZ,2.E,Electronics Industry,0.0,0.0,0.0,6.0586316,0.0,6.0586316,5.076146667,-0.9824849330000003
17_ANZ,2.F,Product Uses as Substitutes for Ozone Depleting Substances,0.0,0.0,0.0,11716.893095628,0.0,11716.893095628,11598.567113000001,-118.32598262799911
17_ANZ,2.G,Other Product Manufacture and Use,0.0,0.0,170.25525013,413.574162,0.0,583.82941213,583.82940048,-1.1650000033114338e-05
17_ANZ,3.A.1,Enteric Fermentation,0.0,94809.5589028,0.0,0.0,0.0,94809.5589028,94809.55890999999,7.199996616691351e-06
17_ANZ,3.A.2,Manure Management,0.0,8802.2369092,36.210739235,0.0,0.0,8838.447648435002,8838.447648,-4.3500222091097385e-07
17_ANZ,3.C.1,Emissions from biomass burning,0.0,468.290246452,114.9045512,0.0,9384.3878768,583.194797652,583.19479775,9.799998679227429e-08
17_ANZ,3.C.2,Liming,1474.0000003,0.0,0.0,0.0,0.0,1474.0000003,1474.0000003,0.0
17_ANZ,3.C.3,Urea application,1829.9282391,0.0,0.0,0.0,0.0,1829.9282391,1829.9282391000002,2.2737367544323206e-13
17_ANZ,3.C.4,Direct N2O Emissions from managed soils,0.0,0.0,37272.78431155,0.0,0.0,37272.78431155,37272.784321,9.449999197386205e-06
17_ANZ,3.C.5,Indirect N2O Emissions from managed soils,0.0,0.0,3954.278893955,0.0,0.0,3954.278893955,3954.278895,1.044999862642726e-06
17_ANZ,3.C.6,Indirect N2O Emissions from manure management,0.0,0.0,101.39381452,0.0,0.0,101.39381452,101.39381448,-4.000000330961484e-08
17_ANZ,3.C.7,Rice cultivations,0.0,33.8954364,0.0,0.0,0.0,33.8954364,33.8954364,0.0
17_ANZ,4.A,Solid Waste Disposal,0.0,16364.842625600002,0.0,0.0,0.0,16364.842625600002,16364.842621,-4.6000022848602384e-06
17_ANZ,4.B,Biological Treatment of Solid Waste,0.0,168.292385044,506.145211185,0.0,0.0,674.4375962290001,674.4375963,7.099993126757909e-08
17_ANZ,4.C,Incineration and Open Burning of Waste,76.87646406,86.19984287599999,15.70999023,0.0,0.0,178.78629716599997,178.78629733,1.6400002778027556e-07
17_ANZ,4.D,Wastewater Treatment and Discharge,0.0,2286.06094248,593.1027805,0.0,0.0,2879.16372298,2879.1637226,-3.800000740739051e-07
17_ANZ,4.E,Other,0.0,326.894172864,0.0,0.0,0.0,326.894172864,326.89417283,-3.399998149689054e-08
17_ANZ,5.A,Indirect N2O emissions from the atmospheric deposition of nitrogen in NOx and NH3,0.0,0.0,4601.021334635,0.0,0.0,4601.021334635,4601.0213357,1.0650001058820635e-06
17_ANZ,5.B,Fossil fuel fires,189.2,16.8,0.795,0.0,0.0,206.795,207.995,1.200000000000017
