1.A.1.a,CH4,01_KOR,236.393803072
1.A.1.bc,CH4,01_KOR,14.523634607999998
1.A.2,CH4,01_KOR,179.121615988
1.A.3.a,CH4,01_KOR,0.64741684
1.A.3.b_noRES,CH4,01_KOR,218.826164676
1.A.3.c,CH4,01_KOR,0.440886488
1.A.3.d,CH4,01_KOR,3.160673096
1.A.3.e,CH4,01_KOR,0.004737992
1.A.4,CH4,01_KOR,406.569925608
1.A.5,CH4,01_KOR,13.742498364
1.B.1,CH4,01_KOR,1111.7918854
1.B.2,CH4,01_KOR,2305.69671444
2.B,CH4,01_KOR,143.830713628
2.C,CH4,01_KOR,113.074164
3.A.1,CH4,01_KOR,10189.7648524
3.A.2,CH4,01_KOR,2326.59136444
3.C.1,CH4,01_KOR,2.986897844
3.C.7,CH4,01_KOR,8193.5628096
4.A,CH4,01_KOR,5692.5241856
4.B,CH4,01_KOR,268.337196876
4.C,CH4,01_KOR,65.51337853199999
4.D,CH4,01_KOR,9968.62335
4.E,CH4,01_KOR,241.959840276
1.A.1.a,CH4,02_CHN,2772.9762331320003
1.A.1.bc,CH4,02_CHN,240.48911804399995
1.A.2,CH4,02_CHN,4374.314298676
1.A.3.a,CH4,02_CHN,15.9867278228
1.A.3.b_noRES,CH4,02_CHN,5071.575145504001
1.A.3.c,CH4,02_CHN,13.260532516
1.A.3.d,CH4,02_CHN,199.533109328
1.A.3.e,CH4,02_CHN,6.814104332
1.A.4,CH4,02_CHN,40721.55116246
1.A.5,CH4,02_CHN,5134.315797912
1.B.1,CH4,02_CHN,548636.2966
1.B.2,CH4,02_CHN,24723.0611166
2.B,CH4,02_CHN,3984.6711128
2.C,CH4,02_CHN,2927.2712
3.A.1,CH4,02_CHN,195070.39916
3.A.2,CH4,02_CHN,30979.902621919995
3.C.1,CH4,02_CHN,10623.31891713848
3.C.7,CH4,02_CHN,228900.054796
4.A,CH4,02_CHN,151001.33328
4.B,CH4,02_CHN,258.803941536
4.C,CH4,02_CHN,2891.31314248
4.D,CH4,02_CHN,147232.80530168
4.E,CH4,02_CHN,9104.898656
5.B,CH4,02_CHN,2520.0
1.A.1.a,CH4,03_JPN,641.840540656
1.A.1.bc,CH4,03_JPN,16.045510319999998
1.A.2,CH4,03_JPN,348.29036634
1.A.3.a,CH4,03_JPN,2.066396752
1.A.3.b_noRES,CH4,03_JPN,510.190598904
1.A.3.c,CH4,03_JPN,0.777112364
1.A.3.d,CH4,03_JPN,25.536717024
1.A.4,CH4,03_JPN,968.20351796
1.A.5,CH4,03_JPN,153.13345236
1.B.1,CH4,03_JPN,2025.20326456
1.B.2,CH4,03_JPN,1622.51961872
2.B,CH4,03_JPN,130.891651912
2.C,CH4,03_JPN,180.3724804
3.A.1,CH4,03_JPN,20763.603868
3.A.2,CH4,03_JPN,4940.099178
3.C.1,CH4,03_JPN,30.353072036
3.C.7,CH4,03_JPN,12818.6223452
4.A,CH4,03_JPN,2024.58451048
4.B,CH4,03_JPN,92.203026468
4.C,CH4,03_JPN,9.68106804
4.D,CH4,03_JPN,3517.19011
4.E,CH4,03_JPN,931.49356832
1.A.1.a,CH4,04_RUS,643.1038896800001
1.A.1.bc,CH4,04_RUS,50.8376344
1.A.2,CH4,04_RUS,458.96276328
1.A.3.a,CH4,04_RUS,3.432016
1.A.3.b_noRES,CH4,04_RUS,803.1847667200001
1.A.3.c,CH4,04_RUS,19.27590672
1.A.3.d,CH4,04_RUS,5.03246856
1.A.3.e,CH4,04_RUS,42.17752924
1.A.4,CH4,04_RUS,1930.36569572
1.A.5,CH4,04_RUS,8.80296522
1.B.1,CH4,04_RUS,103666.537744
1.B.2,CH4,04_RUS,145297.543524
2.B,CH4,04_RUS,352.11135484
2.C,CH4,04_RUS,165.7480916
3.A.1,CH4,04_RUS,49952.528108
3.A.2,CH4,04_RUS,10699.5261828
3.C.1,CH4,04_RUS,1199.87608076
3.C.7,CH4,04_RUS,917.8339212
4.A,CH4,04_RUS,62097.757988
4.B,CH4,04_RUS,58.032052400000005
4.C,CH4,04_RUS,3.05140836
4.D,CH4,04_RUS,27834.7045396
4.E,CH4,04_RUS,862.99938256
1.A.1.a,CH4,05_MNG,4.103792308
1.A.1.bc,CH4,05_MNG,0.0083482
1.A.2,CH4,05_MNG,4.127894008
1.A.3.a,CH4,05_MNG,0.00211988
1.A.3.b_noRES,CH4,05_MNG,8.807579368
1.A.3.c,CH4,05_MNG,1.233269044
1.A.3.e,CH4,05_MNG,0.0305536
1.A.4,CH4,05_MNG,114.35893198800002
1.A.5,CH4,05_MNG,203.145936
1.B.1,CH4,05_MNG,18140.4473824
1.B.2,CH4,05_MNG,97.610496172
3.A.1,CH4,05_MNG,17609.441572800002
3.A.2,CH4,05_MNG,728.7146146
3.C.1,CH4,05_MNG,5.263624996
4.A,CH4,05_MNG,303.80783327999995
4.C,CH4,05_MNG,0.754376784
4.D,CH4,05_MNG,147.430316544
4.E,CH4,05_MNG,35.43855952
1.A.1.a,CH4,06_PRK,3.538387048
1.A.1.bc,CH4,06_PRK,0.0126112
1.A.2,CH4,06_PRK,103.17019916
1.A.3.b_noRES,CH4,06_PRK,5.819823856
1.A.3.e,CH4,06_PRK,8.978687228
1.A.4,CH4,06_PRK,623.72666552
1.A.5,CH4,06_PRK,613.25199124
1.B.1,CH4,06_PRK,12740.46301892
1.B.2,CH4,06_PRK,4.01790102
2.B,CH4,06_PRK,0.5544
2.C,CH4,06_PRK,2.6609492
3.A.1,CH4,06_PRK,1510.451796
3.A.2,CH4,06_PRK,181.349728
3.C.1,CH4,06_PRK,46.749955252
3.C.7,CH4,06_PRK,2076.5239264
4.A,CH4,06_PRK,2718.44016836
4.C,CH4,06_PRK,9.132927412
4.D,CH4,06_PRK,1354.8295894
4.E,CH4,06_PRK,33.197812228
1.A.1.a,CH4,07_NAM,2105.336187024
1.A.1.bc,CH4,07_NAM,455.608169408
1.A.2,CH4,07_NAM,1889.145459264
1.A.3.a,CH4,07_NAM,37.0066311468
1.A.3.b_noRES,CH4,07_NAM,4126.310224125743
1.A.3.c,CH4,07_NAM,77.81407060000001
1.A.3.d,CH4,07_NAM,81.708610942
1.A.3.e,CH4,07_NAM,30.726237494400003
1.A.4,CH4,07_NAM,10131.048627448
1.A.5,CH4,07_NAM,4.4009954604
1.B.1,CH4,07_NAM,56812.4530988
1.B.2,CH4,07_NAM,404254.342732156
2.B,CH4,07_NAM,1105.6727958360002
2.C,CH4,07_NAM,33.673676512
3.A.1,CH4,07_NAM,217999.0327585
3.A.2,CH4,07_NAM,69082.882996008
3.C.1,CH4,07_NAM,290.147463704
3.C.7,CH4,07_NAM,15016.027327868
4.A,CH4,07_NAM,153229.49456141598
4.B,CH4,07_NAM,2744.51005066
4.C,CH4,07_NAM,29.4090048644
4.D,CH4,07_NAM,28693.24700634
4.E,CH4,07_NAM,4145.10365794
5.B,CH4,07_NAM,420.0
1.A.1.a,CH4,08_LAM,1146.587860558952
1.A.1.bc,CH4,08_LAM,678.5333834300559
1.A.2,CH4,08_LAM,2678.336111533264
1.A.3.a,CH4,08_LAM,3.2448965948
1.A.3.b_noRES,CH4,08_LAM,2604.672780579562
1.A.3.c,CH4,08_LAM,8.4829963708
1.A.3.d,CH4,08_LAM,25.4562811972
1.A.3.e,CH4,08_LAM,3.7971254174000006
1.A.4,CH4,08_LAM,13710.56753358068
1.A.5,CH4,08_LAM,52.47875379012
1.B.1,CH4,08_LAM,29373.100313396004
1.B.2,CH4,08_LAM,72655.375202592
2.B,CH4,08_LAM,624.269268812
2.C,CH4,08_LAM,118.24057868
3.A.1,CH4,08_LAM,797810.29363728
3.A.2,CH4,08_LAM,25040.195343324
3.C.1,CH4,08_LAM,16076.43702822584
3.C.7,CH4,08_LAM,21818.916703892
4.A,CH4,08_LAM,154333.58243374398
4.B,CH4,08_LAM,1540.4417245
4.C,CH4,08_LAM,513.1130936120001
4.D,CH4,08_LAM,88160.031810648
4.E,CH4,08_LAM,1715.679686112
1.A.1.a,CH4,09_WEU,2382.3557009084
1.A.1.bc,CH4,09_WEU,117.946943534
1.A.2,CH4,09_WEU,1228.4107796828
1.A.3.a,CH4,09_WEU,5.15729837
1.A.3.b_noRES,CH4,09_WEU,1795.00421982
1.A.3.c,CH4,09_WEU,7.169898848
1.A.3.d,CH4,09_WEU,54.7096075596
1.A.3.e,CH4,09_WEU,2.1745318840000003
1.A.4,CH4,09_WEU,14544.52413232
1.A.5,CH4,09_WEU,70.93986129999999
1.B.1,CH4,09_WEU,10222.2473339
1.B.2,CH4,09_WEU,34106.60155154001
2.B,CH4,09_WEU,572.2196956
2.C,CH4,09_WEU,221.294865428
3.A.1,CH4,09_WEU,213456.94462554
3.A.2,CH4,09_WEU,67634.644822556
3.C.1,CH4,09_WEU,403.45340953764
3.C.7,CH4,09_WEU,2898.9480331
4.A,CH4,09_WEU,102818.052394148
4.B,CH4,09_WEU,3323.7322328560003
4.C,CH4,09_WEU,669.493965532756
4.D,CH4,09_WEU,19066.375229944
4.E,CH4,09_WEU,11579.753091256
1.A.1.a,CH4,10_EEU,365.402419032
1.A.1.bc,CH4,10_EEU,18.5146753848
1.A.2,CH4,10_EEU,306.70754021600004
1.A.3.a,CH4,10_EEU,0.0987440314
1.A.3.b_noRES,CH4,10_EEU,461.06434310972
1.A.3.c,CH4,10_EEU,2.4506300000000003
1.A.3.d,CH4,10_EEU,1.326711008
1.A.3.e,CH4,10_EEU,0.912690632
1.A.4,CH4,10_EEU,9537.719714684
1.A.5,CH4,10_EEU,4.10146898
1.B.1,CH4,10_EEU,20850.870292728
1.B.2,CH4,10_EEU,11266.933697432
2.B,CH4,10_EEU,79.188096204
2.C,CH4,10_EEU,56.187453616
3.A.1,CH4,10_EEU,46288.6156796
3.A.2,CH4,10_EEU,9831.604792632
3.C.1,CH4,10_EEU,233.293563048
3.C.7,CH4,10_EEU,201.17424068
4.A,CH4,10_EEU,22593.24146688
4.B,CH4,10_EEU,954.76965304
4.C,CH4,10_EEU,19.20163865704
4.D,CH4,10_EEU,11386.318286336
4.E,CH4,10_EEU,3104.790602956
1.A.1.a,CH4,11_CAS,231.9524197592
1.A.1.bc,CH4,11_CAS,35.0209981828
1.A.2,CH4,11_CAS,135.7161848
1.A.3.a,CH4,11_CAS,0.4073135247999999
1.A.3.b_noRES,CH4,11_CAS,485.0848988468
1.A.3.c,CH4,11_CAS,1.6025926
1.A.3.d,CH4,11_CAS,1.37257806
1.A.3.e,CH4,11_CAS,4.9340017104000005
1.A.4,CH4,11_CAS,3496.663694244
1.A.5,CH4,11_CAS,80.035813704
1.B.1,CH4,11_CAS,27562.45279074
1.B.2,CH4,11_CAS,79172.568936188
2.B,CH4,11_CAS,22.483531784
2.C,CH4,11_CAS,182.0142618
3.A.1,CH4,11_CAS,102363.7972
3.A.2,CH4,11_CAS,12818.5357398
3.C.1,CH4,11_CAS,1004.070311104
3.C.7,CH4,11_CAS,1310.363545568
4.A,CH4,11_CAS,25172.38386012
4.B,CH4,11_CAS,8.886865400000001
4.C,CH4,11_CAS,1.40821506
4.D,CH4,11_CAS,8776.472920824
4.E,CH4,11_CAS,1910.047596352
1.A.1.a,CH4,12_MEA,1276.7675730628
1.A.1.bc,CH4,12_MEA,230.305910492
1.A.2,CH4,12_MEA,341.739818224
1.A.3.a,CH4,12_MEA,1.713573778
1.A.3.b_noRES,CH4,12_MEA,4270.198142056
1.A.3.c,CH4,12_MEA,0.8361265416
1.A.3.d,CH4,12_MEA,2.3916301752
1.A.3.e,CH4,12_MEA,1.523199608
1.A.4,CH4,12_MEA,4333.187359760001
1.A.5,CH4,12_MEA,75.2697582
1.B.1,CH4,12_MEA,11652.48567644
1.B.2,CH4,12_MEA,502423.117423136
2.B,CH4,12_MEA,1832.47246448
2.C,CH4,12_MEA,23.2968344
3.A.1,CH4,12_MEA,130004.803750976
3.A.2,CH4,12_MEA,5653.8582250360005
3.C.1,CH4,12_MEA,643.87402944648
3.C.7,CH4,12_MEA,9803.659809524
4.A,CH4,12_MEA,114955.266005216
4.B,CH4,12_MEA,884.1811923279998
4.C,CH4,12_MEA,11.77259622
4.D,CH4,12_MEA,43914.90127094
4.E,CH4,12_MEA,640.3981133479999
1.A.1.a,CH4,13_AFR,166.75617207788002
1.A.1.bc,CH4,13_AFR,40.250995176
1.A.2,CH4,13_AFR,886.2825805363601
1.A.3.a,CH4,13_AFR,0.5378265368
1.A.3.b_noRES,CH4,13_AFR,1392.9105334144
1.A.3.c,CH4,13_AFR,3.71594846
1.A.3.d,CH4,13_AFR,8.1732078764
1.A.3.e,CH4,13_AFR,0.4965357208000001
1.A.4,CH4,13_AFR,66371.17434306328
1.A.5,CH4,13_AFR,650.168366603644
1.B.1,CH4,13_AFR,144154.6849876
1.B.2,CH4,13_AFR,165344.507532904
2.B,CH4,13_AFR,99.42436
2.C,CH4,13_AFR,133.86788520000002
3.A.1,CH4,13_AFR,450569.228544232
3.A.2,CH4,13_AFR,17397.221469936
3.C.1,CH4,13_AFR,5456.3275379452
3.C.7,CH4,13_AFR,34512.849385084
4.A,CH4,13_AFR,60551.688910636
4.B,CH4,13_AFR,124.223076656
4.C,CH4,13_AFR,33.71782736
4.D,CH4,13_AFR,57340.518294584
4.E,CH4,13_AFR,5621.013709458
1.A.1.a,CH4,14_CLV,99.103875668
1.A.2,CH4,14_CLV,387.751004284
1.A.3.a,CH4,14_CLV,0.588270438
1.A.3.b_noRES,CH4,14_CLV,240.228781772
1.A.3.c,CH4,14_CLV,1.340778068
1.A.3.d,CH4,14_CLV,9.10441
1.A.4,CH4,14_CLV,2363.096972516
1.A.5,CH4,14_CLV,0.966739312
1.B.1,CH4,14_CLV,22186.816451408
1.B.2,CH4,14_CLV,2608.3036960400004
3.A.1,CH4,14_CLV,24284.440194000003
3.A.2,CH4,14_CLV,5393.444467039999
3.C.1,CH4,14_CLV,3810.16499556
3.C.7,CH4,14_CLV,71615.72741288
4.A,CH4,14_CLV,8981.953217440001
4.B,CH4,14_CLV,2.01940158
4.C,CH4,14_CLV,94.26994122
4.D,CH4,14_CLV,7241.68195912
4.E,CH4,14_CLV,78.473664332
1.A.1.a,CH4,15_SAS,986.9001078356
1.A.1.bc,CH4,15_SAS,34.88617454
1.A.2,CH4,15_SAS,3769.868717328
1.A.3.a,CH4,15_SAS,2.775670688
1.A.3.b_noRES,CH4,15_SAS,2536.702727412
1.A.3.c,CH4,15_SAS,16.028397644
1.A.3.d,CH4,15_SAS,18.594693124
1.A.3.e,CH4,15_SAS,1.085751408
1.A.4,CH4,15_SAS,54348.584351068
1.A.5,CH4,15_SAS,833.4199649524
1.B.1,CH4,15_SAS,60532.363395980006
1.B.2,CH4,15_SAS,23687.3992532576
2.B,CH4,15_SAS,93.070649756
2.C,CH4,15_SAS,234.4514144
3.A.1,CH4,15_SAS,603780.5291307999
3.A.2,CH4,15_SAS,50207.44443862
3.C.1,CH4,15_SAS,12890.09466402
3.C.7,CH4,15_SAS,139106.401728392
4.A,CH4,15_SAS,46607.469471528
4.B,CH4,15_SAS,1393.422638888
4.C,CH4,15_SAS,3.930335052
4.D,CH4,15_SAS,114786.50006633598
4.E,CH4,15_SAS,1142.67631702
5.B,CH4,15_SAS,1260.0
1.A.1.a,CH4,16_APC,1010.623582554852
1.A.1.bc,CH4,16_APC,90.887773648
1.A.2,CH4,16_APC,1244.436335632
1.A.3.a,CH4,16_APC,3.2304069868
1.A.3.b_noRES,CH4,16_APC,1999.8690930344
1.A.3.c,CH4,16_APC,3.718459472
1.A.3.d,CH4,16_APC,35.174522012000004
1.A.3.e,CH4,16_APC,0.4916011324
1.A.4,CH4,16_APC,8971.5610979484
1.A.5,CH4,16_APC,13.4117460087324
1.B.1,CH4,16_APC,196213.163383468
1.B.2,CH4,16_APC,38445.01442577404
2.B,CH4,16_APC,492.79156402000007
2.C,CH4,16_APC,164.06707799999998
3.A.1,CH4,16_APC,77152.463619448
3.A.2,CH4,16_APC,13929.472923604
3.C.1,CH4,16_APC,10304.466341204
3.C.7,CH4,16_APC,144674.261904592
4.A,CH4,16_APC,44262.346842952
4.B,CH4,16_APC,58.80638358
4.C,CH4,16_APC,1016.366879724
4.D,CH4,16_APC,64469.88058285599
4.E,CH4,16_APC,1040.860777068
1.A.1.a,CH4,17_ANZ,134.630970124
1.A.1.bc,CH4,17_ANZ,36.888213908
1.A.2,CH4,17_ANZ,180.012298984
1.A.3.a,CH4,17_ANZ,1.932722204
1.A.3.b_noRES,CH4,17_ANZ,278.071983784
1.A.3.c,CH4,17_ANZ,5.549613216
1.A.3.d,CH4,17_ANZ,6.586625499999999
1.A.3.e,CH4,17_ANZ,1.130992352
1.A.4,CH4,17_ANZ,523.611495428
1.A.5,CH4,17_ANZ,14.522315304
1.B.1,CH4,17_ANZ,36122.71840268
1.B.2,CH4,17_ANZ,14733.073901140002
2.B,CH4,17_ANZ,117.03304186
2.C,CH4,17_ANZ,16.0583892
3.A.1,CH4,17_ANZ,94809.5589028
3.A.2,CH4,17_ANZ,8802.2369092
3.C.1,CH4,17_ANZ,468.290246452
3.C.7,CH4,17_ANZ,33.8954364
4.A,CH4,17_ANZ,16364.842625600002
4.B,CH4,17_ANZ,168.292385044
4.C,CH4,17_ANZ,86.19984287599999
4.D,CH4,17_ANZ,2286.06094248
4.E,CH4,17_ANZ,326.894172864
5.B,CH4,17_ANZ,16.8
1.A.1.a,N2O,01_KOR,3784.30871731
1.A.1.bc,N2O,01_KOR,16.193799935
1.A.2,N2O,01_KOR,238.596419455
1.A.3.a,N2O,01_KOR,24.5093518
1.A.3.b_noRES,N2O,01_KOR,1547.747336555
1.A.3.c,N2O,01_KOR,28.748715005
1.A.3.d,N2O,01_KOR,8.54671799
1.A.3.e,N2O,01_KOR,0.008968342
1.A.4,N2O,01_KOR,148.435689405
1.A.5,N2O,01_KOR,7.753588095
1.B.2,N2O,01_KOR,0.0055279
2.B,N2O,01_KOR,1238.9705325
2.G,N2O,01_KOR,0.10883921
3.A.2,N2O,01_KOR,1229.7031947100002
3.C.1,N2O,01_KOR,0.7328961900000001
3.C.4,N2O,01_KOR,2687.626343
3.C.5,N2O,01_KOR,677.504508555
3.C.6,N2O,01_KOR,60.327144
4.B,N2O,01_KOR,190.471492485
4.C,N2O,01_KOR,98.870120675
4.D,N2O,01_KOR,920.50927562
5.A,N2O,01_KOR,1205.69173604
1.A.1.a,N2O,02_CHN,49432.34171734
1.A.1.bc,N2O,02_CHN,752.251410255
1.A.2,N2O,02_CHN,6408.837796579999
1.A.3.a,N2O,02_CHN,605.2118389
1.A.3.b_noRES,N2O,02_CHN,19366.52587315
1.A.3.c,N2O,02_CHN,864.901685425
1.A.3.d,N2O,02_CHN,539.55381604
1.A.3.e,N2O,02_CHN,12.388495865
1.A.4,N2O,02_CHN,9004.476035515001
1.A.5,N2O,02_CHN,739.984474925
1.B.2,N2O,02_CHN,18.919974185
2.B,N2O,02_CHN,10096.1563851
2.G,N2O,02_CHN,113.99556145
3.A.2,N2O,02_CHN,19919.691734045
3.C.1,N2O,02_CHN,2606.647697152856
3.C.4,N2O,02_CHN,167116.324572705
3.C.5,N2O,02_CHN,42418.67548783501
3.C.6,N2O,02_CHN,2060.70462714
4.B,N2O,02_CHN,183.704583395
4.C,N2O,02_CHN,251.644617715
4.D,N2O,02_CHN,28968.376493405
5.A,N2O,02_CHN,26030.881335055
5.B,N2O,02_CHN,119.25
1.A.1.a,N2O,03_JPN,2587.07350545
1.A.1.bc,N2O,03_JPN,27.51713572
1.A.2,N2O,03_JPN,488.22423294
1.A.3.a,N2O,03_JPN,78.227877305
1.A.3.b_noRES,N2O,03_JPN,1819.781841585
1.A.3.c,N2O,03_JPN,50.565179735
1.A.3.d,N2O,03_JPN,69.053367425
1.A.4,N2O,03_JPN,1033.960447305
1.A.5,N2O,03_JPN,19.32398338
1.B.1,N2O,03_JPN,0.2042670349999999
1.B.2,N2O,03_JPN,0.0295994399999999
2.B,N2O,03_JPN,889.29682143
2.G,N2O,03_JPN,161.385530795
3.A.2,N2O,03_JPN,1208.49230374
3.C.1,N2O,03_JPN,7.447744439999999
3.C.4,N2O,03_JPN,3093.85627245
3.C.5,N2O,03_JPN,1081.492155875
3.C.6,N2O,03_JPN,78.23876854
4.B,N2O,03_JPN,94.076251065
4.C,N2O,03_JPN,411.09218231000006
4.D,N2O,03_JPN,1947.75067363
5.A,N2O,03_JPN,2272.387933855
1.A.1.a,N2O,04_RUS,1789.60178049
1.A.1.bc,N2O,04_RUS,29.60082542
1.A.2,N2O,04_RUS,611.6059526149999
1.A.3.a,N2O,04_RUS,129.92632
1.A.3.b_noRES,N2O,04_RUS,1543.357234725
1.A.3.c,N2O,04_RUS,1247.85600635
1.A.3.d,N2O,04_RUS,13.6082058
1.A.3.e,N2O,04_RUS,45.910940215
1.A.4,N2O,04_RUS,1095.80944682
1.A.5,N2O,04_RUS,572.8522595999999
1.B.1,N2O,04_RUS,2.2814274
1.B.2,N2O,04_RUS,187.030298415
2.B,N2O,04_RUS,17674.378355700002
2.G,N2O,04_RUS,492.53233264
3.A.2,N2O,04_RUS,2899.8264127
3.C.1,N2O,04_RUS,294.414038315
3.C.4,N2O,04_RUS,34019.1395475
3.C.5,N2O,04_RUS,6109.3290959
3.C.6,N2O,04_RUS,539.035544145
4.B,N2O,04_RUS,41.19239447
4.C,N2O,04_RUS,0.222149235
4.D,N2O,04_RUS,2693.15542755
5.A,N2O,04_RUS,5241.665616249999
1.A.1.a,N2O,05_MNG,586.22050313
1.A.1.bc,N2O,05_MNG,0.007900975
1.A.2,N2O,05_MNG,6.586281645
1.A.3.a,N2O,05_MNG,0.0802526
1.A.3.b_noRES,N2O,05_MNG,8.3434561
1.A.3.c,N2O,05_MNG,79.36456035500001
1.A.3.e,N2O,05_MNG,0.0433752
1.A.4,N2O,05_MNG,34.69525008
1.A.5,N2O,05_MNG,9.83571615
1.B.1,N2O,05_MNG,0.5979147300000001
1.B.2,N2O,05_MNG,0.004356017
2.G,N2O,05_MNG,0.2528367649999999
3.A.2,N2O,05_MNG,546.113122275
3.C.1,N2O,05_MNG,1.291537655
3.C.4,N2O,05_MNG,9963.985560149998
3.C.5,N2O,05_MNG,540.096379955
3.C.6,N2O,05_MNG,81.303851555
4.C,N2O,05_MNG,0.06561020255
4.D,N2O,05_MNG,63.65504262
5.A,N2O,05_MNG,130.872929415
1.A.1.a,N2O,06_PRK,58.68869352
1.A.1.bc,N2O,06_PRK,0.089516735
1.A.2,N2O,06_PRK,146.53989027
1.A.3.b_noRES,N2O,06_PRK,10.51868422
1.A.3.e,N2O,06_PRK,17.099978829999998
1.A.4,N2O,06_PRK,45.286730860000006
1.A.5,N2O,06_PRK,50.399745535
1.B.1,N2O,06_PRK,5.775765365
2.G,N2O,06_PRK,0.0545420349999999
3.A.2,N2O,06_PRK,147.22365228
3.C.1,N2O,06_PRK,11.47105394
3.C.4,N2O,06_PRK,1023.81401256
3.C.5,N2O,06_PRK,220.690212575
3.C.6,N2O,06_PRK,12.428977265
4.C,N2O,06_PRK,0.7978765750000001
5.A,N2O,06_PRK,457.235286905
1.A.1.a,N2O,07_NAM,8635.112546089
1.A.1.bc,N2O,07_NAM,282.08905456540003
1.A.2,N2O,07_NAM,2461.196231485
1.A.3.a,N2O,07_NAM,1400.965322251
1.A.3.b_noRES,N2O,07_NAM,18069.95926087504
1.A.3.c,N2O,07_NAM,4979.623607995
1.A.3.d,N2O,07_NAM,220.6392151005
1.A.3.e,N2O,07_NAM,29.56362610065
1.A.4,N2O,07_NAM,6897.704047113501
1.A.5,N2O,07_NAM,278.6649120953
1.B.2,N2O,07_NAM,169.07236061999998
2.B,N2O,07_NAM,17405.935445755
2.G,N2O,07_NAM,4200.274165032
3.A.2,N2O,07_NAM,4756.8475901985
3.C.1,N2O,07_NAM,71.19359047600001
3.C.4,N2O,07_NAM,139432.403342975
3.C.5,N2O,07_NAM,24763.496343975003
3.C.6,N2O,07_NAM,1068.433990647
4.B,N2O,07_NAM,2198.005434715
4.C,N2O,07_NAM,71.46992999825
4.D,N2O,07_NAM,8507.17632187
5.A,N2O,07_NAM,15066.594268547502
5.B,N2O,07_NAM,19.875
1.A.1.a,N2O,08_LAM,2732.79596124082
1.A.1.bc,N2O,08_LAM,757.2350497738804
1.A.2,N2O,08_LAM,2794.007815432048
1.A.3.a,N2O,08_LAM,122.8425115875
1.A.3.b_noRES,N2O,08_LAM,7314.312097137879
1.A.3.c,N2O,08_LAM,529.7619331689999
1.A.3.d,N2O,08_LAM,68.83314932185
1.A.3.e,N2O,08_LAM,21.417383051
1.A.4,N2O,08_LAM,5981.672898049935
1.A.5,N2O,08_LAM,17.906139767796002
1.B.1,N2O,08_LAM,251.48072343
1.B.2,N2O,08_LAM,156.27761367325
2.B,N2O,08_LAM,3144.57909512
2.G,N2O,08_LAM,475.848558725555
3.A.2,N2O,08_LAM,8688.280999327999
3.C.1,N2O,08_LAM,3944.681308266475
3.C.4,N2O,08_LAM,214194.74423262
3.C.5,N2O,08_LAM,28415.730625845
3.C.6,N2O,08_LAM,1486.5695109405
4.B,N2O,08_LAM,1093.4385451115
4.C,N2O,08_LAM,69.35296219185
4.D,N2O,08_LAM,10119.581830985
5.A,N2O,08_LAM,14565.454188285
1.A.1.a,N2O,09_WEU,8081.8413873804
1.A.1.bc,N2O,09_WEU,105.601998885
1.A.2,N2O,09_WEU,1639.00681254915
1.A.3.a,N2O,09_WEU,195.24058009
1.A.3.b_noRES,N2O,09_WEU,7385.1089393
1.A.3.c,N2O,09_WEU,460.137385963
1.A.3.d,N2O,09_WEU,147.7219023756
1.A.3.e,N2O,09_WEU,6.81548859585
1.A.4,N2O,09_WEU,6589.2439424014
1.A.5,N2O,09_WEU,21.0992893417
1.B.1,N2O,09_WEU,2.6434311800000003
1.B.2,N2O,09_WEU,14.91446027505
2.B,N2O,09_WEU,18056.234587115
2.G,N2O,09_WEU,6305.863918499999
3.A.2,N2O,09_WEU,13786.782846031
3.C.1,N2O,09_WEU,98.9955127973
3.C.4,N2O,09_WEU,116001.11295055
3.C.5,N2O,09_WEU,23910.37289572
3.C.6,N2O,09_WEU,2099.5388233655
4.B,N2O,09_WEU,3129.100550855
4.C,N2O,09_WEU,463.612954243
4.D,N2O,09_WEU,9585.840343155
5.A,N2O,09_WEU,7997.083650902299
1.A.1.a,N2O,10_EEU,5017.892814495
1.A.1.bc,N2O,10_EEU,23.1919277419
1.A.2,N2O,10_EEU,407.619911955
1.A.3.a,N2O,10_EEU,3.738165154
1.A.3.b_noRES,N2O,10_EEU,1378.0834206909
1.A.3.c,N2O,10_EEU,158.04428356850002
1.A.3.d,N2O,10_EEU,3.58753502
1.A.3.e,N2O,10_EEU,2.0142921625
1.A.4,N2O,10_EEU,2373.41670266
1.A.5,N2O,10_EEU,33.497608285000005
1.B.1,N2O,10_EEU,2.314349675
1.B.2,N2O,10_EEU,1.53140326254
2.B,N2O,10_EEU,11606.884662195
2.G,N2O,10_EEU,821.5150843299999
3.A.2,N2O,10_EEU,2740.629058985
3.C.1,N2O,10_EEU,57.2433280343
3.C.4,N2O,10_EEU,38207.943836835
3.C.5,N2O,10_EEU,6985.143366315
3.C.6,N2O,10_EEU,503.682033535
4.B,N2O,10_EEU,677.715958945
4.C,N2O,10_EEU,15.5356551305
4.D,N2O,10_EEU,2149.91525375
5.A,N2O,10_EEU,2443.24167509
1.A.1.a,N2O,11_CAS,795.0692685991
1.A.1.bc,N2O,11_CAS,27.29768019675
1.A.2,N2O,11_CAS,192.103596162
1.A.3.a,N2O,11_CAS,12.585285925
1.A.3.b_noRES,N2O,11_CAS,1133.8477619735002
1.A.3.c,N2O,11_CAS,99.9841309875
1.A.3.d,N2O,11_CAS,3.711563235
1.A.3.e,N2O,11_CAS,4.711394349000001
1.A.4,N2O,11_CAS,1249.2532639
1.A.5,N2O,11_CAS,20.33598923
1.B.1,N2O,11_CAS,6.8971108245
1.B.2,N2O,11_CAS,34.196944876325006
2.B,N2O,11_CAS,5558.101004839999
2.G,N2O,11_CAS,261.64728996
3.A.2,N2O,11_CAS,5470.9270556050005
3.C.1,N2O,11_CAS,246.36910398000003
3.C.4,N2O,11_CAS,49379.718831155
3.C.5,N2O,11_CAS,7885.74564663
3.C.6,N2O,11_CAS,562.25875899
4.B,N2O,11_CAS,6.30808756
4.C,N2O,11_CAS,9.887435405
4.D,N2O,11_CAS,2424.2586955649995
5.A,N2O,11_CAS,2517.78070178
1.A.1.a,N2O,12_MEA,975.99498550715
1.A.1.bc,N2O,12_MEA,131.57836842499998
1.A.2,N2O,12_MEA,478.431620365
1.A.3.a,N2O,12_MEA,64.8665542765
1.A.3.b_noRES,N2O,12_MEA,8902.9003507
1.A.3.c,N2O,12_MEA,54.535309035
1.A.3.d,N2O,12_MEA,6.467163191
1.A.3.e,N2O,12_MEA,1.7170437295
1.A.4,N2O,12_MEA,2018.65222181
1.A.5,N2O,12_MEA,25.356817242
1.B.1,N2O,12_MEA,137.564267554
1.B.2,N2O,12_MEA,494.8991597668
2.B,N2O,12_MEA,7378.003224000001
2.G,N2O,12_MEA,10476.72014023
3.A.2,N2O,12_MEA,833.745874985
3.C.1,N2O,12_MEA,157.98760928122502
3.C.4,N2O,12_MEA,63789.49503082
3.C.5,N2O,12_MEA,8121.518339505
3.C.6,N2O,12_MEA,227.563182085
4.B,N2O,12_MEA,627.6107566699999
4.C,N2O,12_MEA,1.028485193
4.D,N2O,12_MEA,7339.005885744999
5.A,N2O,12_MEA,11677.05256609
1.A.1.a,N2O,13_AFR,2248.65162217969
1.A.1.bc,N2O,13_AFR,243.6776445445
1.A.2,N2O,13_AFR,1027.041226392325
1.A.3.a,N2O,13_AFR,20.3605770165
1.A.3.b_noRES,N2O,13_AFR,2402.697591566
1.A.3.c,N2O,13_AFR,231.48060209
1.A.3.d,N2O,13_AFR,22.1010215445
1.A.3.e,N2O,13_AFR,1.1972929755
1.A.4,N2O,13_AFR,9501.394506417577
1.A.5,N2O,13_AFR,116.4584071516455
1.B.1,N2O,13_AFR,1243.552854995
1.B.2,N2O,13_AFR,114.068036035265
2.B,N2O,13_AFR,295.62075
2.G,N2O,13_AFR,1316.6076712686402
3.A.2,N2O,13_AFR,4970.8348504
3.C.1,N2O,13_AFR,1338.821108943585
3.C.4,N2O,13_AFR,171553.48515808998
3.C.5,N2O,13_AFR,12458.605678245
3.C.6,N2O,13_AFR,302.803576325
4.B,N2O,13_AFR,88.176202025
4.C,N2O,13_AFR,2.944670884
4.D,N2O,13_AFR,10792.97902716
5.A,N2O,13_AFR,27968.01320243
1.A.1.a,N2O,14_CLV,4538.58449993
1.A.2,N2O,14_CLV,538.7731684400001
1.A.3.a,N2O,14_CLV,22.27023748
1.A.3.b_noRES,N2O,14_CLV,448.89965069
1.A.3.c,N2O,14_CLV,87.45057505000001
1.A.3.d,N2O,14_CLV,24.619067895
1.A.4,N2O,14_CLV,988.462890925
1.A.5,N2O,14_CLV,0.54896976
1.B.1,N2O,14_CLV,29.996801935
1.B.2,N2O,14_CLV,5.736565505
2.G,N2O,14_CLV,0.2564688284999999
3.A.2,N2O,14_CLV,3026.2820171
3.C.1,N2O,14_CLV,934.90159628
3.C.4,N2O,14_CLV,12654.351147465
3.C.5,N2O,14_CLV,3862.29519631
3.C.6,N2O,14_CLV,194.96454072
4.B,N2O,14_CLV,1.433414415
4.C,N2O,14_CLV,8.23567053
4.D,N2O,14_CLV,1788.0938390650003
5.A,N2O,14_CLV,2431.276864405
1.A.1.a,N2O,15_SAS,19531.929223758
1.A.1.bc,N2O,15_SAS,33.408889995
1.A.2,N2O,15_SAS,5069.938189863499
1.A.3.a,N2O,15_SAS,105.07896123
1.A.3.b_noRES,N2O,15_SAS,7725.550668615001
1.A.3.c,N2O,15_SAS,1045.11071265
1.A.3.d,N2O,15_SAS,50.281568255
1.A.3.e,N2O,15_SAS,1.55304522
1.A.4,N2O,15_SAS,11465.699308925
1.A.5,N2O,15_SAS,69.39216111905002
1.B.1,N2O,15_SAS,88.44080346500002
1.B.2,N2O,15_SAS,13.29268068535
2.B,N2O,15_SAS,243.48025365
2.G,N2O,15_SAS,146.200206645
3.A.2,N2O,15_SAS,3324.368583355
3.C.1,N2O,15_SAS,3162.8473018421
3.C.4,N2O,15_SAS,205187.31470029
3.C.5,N2O,15_SAS,42301.583838420345
3.C.6,N2O,15_SAS,1325.058494775
4.B,N2O,15_SAS,989.08124802
4.C,N2O,15_SAS,0.343364475
4.D,N2O,15_SAS,20846.393522510003
5.A,N2O,15_SAS,17668.009344375
5.B,N2O,15_SAS,59.625
1.A.1.a,N2O,16_APC,7892.223798486377
1.A.1.bc,N2O,16_APC,53.12306123
1.A.2,N2O,16_APC,1770.291945619
1.A.3.a,N2O,16_APC,122.293978415
1.A.3.b_noRES,N2O,16_APC,3786.4160749073
1.A.3.c,N2O,16_APC,239.18165367
1.A.3.d,N2O,16_APC,95.0972957735
1.A.3.e,N2O,16_APC,0.9305307255
1.A.4,N2O,16_APC,2815.836344385495
1.A.5,N2O,16_APC,7.22270419446155
1.B.1,N2O,16_APC,135.6870209365
1.B.2,N2O,16_APC,41.70363000285
2.B,N2O,16_APC,2498.90259786
2.G,N2O,16_APC,19.87248117235
3.A.2,N2O,16_APC,9069.87488122
3.C.1,N2O,16_APC,2528.41072239722
3.C.4,N2O,16_APC,61675.684171805005
3.C.5,N2O,16_APC,15958.669838505002
3.C.6,N2O,16_APC,853.077294
4.B,N2O,16_APC,41.742031235
4.C,N2O,16_APC,88.71758330171
4.D,N2O,16_APC,7456.745990077499
5.A,N2O,16_APC,10591.194186755609
1.A.1.a,N2O,17_ANZ,878.6862516399999
1.A.1.bc,N2O,17_ANZ,17.926587235
1.A.2,N2O,17_ANZ,268.718174985
1.A.3.a,N2O,17_ANZ,73.167340845
1.A.3.b_noRES,N2O,17_ANZ,1230.6759487600002
1.A.3.c,N2O,17_ANZ,361.299167525
1.A.3.d,N2O,17_ANZ,17.810772959999998
1.A.3.e,N2O,17_ANZ,1.895912025
1.A.4,N2O,17_ANZ,769.194235605
1.A.5,N2O,17_ANZ,924.283842075
1.B.2,N2O,17_ANZ,12.04891188
2.B,N2O,17_ANZ,3685.18275
2.G,N2O,17_ANZ,170.25525013
3.A.2,N2O,17_ANZ,36.210739235
3.C.1,N2O,17_ANZ,114.9045512
3.C.4,N2O,17_ANZ,37272.78431155
3.C.5,N2O,17_ANZ,3954.278893955
3.C.6,N2O,17_ANZ,101.39381452
4.B,N2O,17_ANZ,506.145211185
4.C,N2O,17_ANZ,15.70999023
4.D,N2O,17_ANZ,593.1027805
5.A,N2O,17_ANZ,4601.021334635
5.B,N2O,17_ANZ,0.795
2.C,F-gas,01_KOR,89.4671555
2.E,F-gas,01_KOR,2716.1180213593
2.F,F-gas,01_KOR,9192.38295793
2.G,F-gas,01_KOR,6024.4987303
2.B,F-gas,02_CHN,114498.3413255
2.C,F-gas,02_CHN,18844.39232399
2.E,F-gas,02_CHN,10182.40219677
2.F,F-gas,02_CHN,178648.115079156
2.G,F-gas,02_CHN,94864.0166745
2.B,F-gas,03_JPN,72.7355
2.C,F-gas,03_JPN,317.66897018
2.E,F-gas,03_JPN,3068.00873411
2.F,F-gas,03_JPN,16061.94950549
2.G,F-gas,03_JPN,2396.5091205
2.B,F-gas,04_RUS,16107.481067050001
2.C,F-gas,04_RUS,4289.1194949
2.E,F-gas,04_RUS,22.8329622038
2.F,F-gas,04_RUS,19631.516811564998
2.G,F-gas,04_RUS,11442.3959247
2.B,F-gas,06_PRK,109.52
2.F,F-gas,06_PRK,2099.771716978
2.B,F-gas,07_NAM,4197.538102
2.C,F-gas,07_NAM,5156.42076318
2.E,F-gas,07_NAM,4197.080528012
2.F,F-gas,07_NAM,157332.835044384
2.G,F-gas,07_NAM,42122.415356
2.B,F-gas,08_LAM,3688.16
2.C,F-gas,08_LAM,490.60492088999996
2.F,F-gas,08_LAM,65278.574131461
2.G,F-gas,08_LAM,1927.546512865
2.B,F-gas,09_WEU,762.423688283
2.C,F-gas,09_WEU,2735.07590007
2.E,F-gas,09_WEU,790.0531388753001
2.F,F-gas,09_WEU,79578.35941501883
2.G,F-gas,09_WEU,8888.56198409
2.C,F-gas,10_EEU,1672.1865577199999
2.E,F-gas,10_EEU,9.947397780000001
2.F,F-gas,10_EEU,18162.39430870104
2.G,F-gas,10_EEU,1993.29609898
2.C,F-gas,11_CAS,896.4302212499999
2.F,F-gas,11_CAS,6199.267106495
2.G,F-gas,11_CAS,426.9392758
2.C,F-gas,12_MEA,1591.3716132000002
2.F,F-gas,12_MEA,119465.01096351701
2.G,F-gas,12_MEA,13532.74332128
2.C,F-gas,13_AFR,385.57687668000005
2.F,F-gas,13_AFR,38816.149438693006
2.G,F-gas,13_AFR,2875.3646182568
2.E,F-gas,14_CLV,945.9514882499999
2.F,F-gas,14_CLV,6361.271202925999
2.C,F-gas,15_SAS,796.85989512
2.F,F-gas,15_SAS,55965.826175868
2.G,F-gas,15_SAS,9188.095637800001
2.C,F-gas,16_APC,133.60836122999999
2.E,F-gas,16_APC,7090.809210818001
2.F,F-gas,16_APC,48077.460646663
2.G,F-gas,16_APC,8070.396419799999
2.C,F-gas,17_ANZ,331.32907980000004
2.E,F-gas,17_ANZ,6.0586316
2.F,F-gas,17_ANZ,11716.893095628
2.G,F-gas,17_ANZ,413.574162
